"artifact_id";"type";"detail";"material";"iconography";"period_general";"period_precise"
"0-10_p001_e0434930";"sculpture";"statue";"bronze";"human";"Late Antiquity";"4th century"
"0-10_p002_631afa0a";"jewelry";"necklace";"gold";"bull";"Late Antiquity";"unknown"
"0-10_p003_2e6655ff";"sculpture";"statue";"marble";"camel";"Late Antiquity";"unknown"
"0-10_p004_4c2721f1";"object";"unknown";"unknown";"none";"Late Antiquity";"unknown"
"0-10_p005_545e800d";"jewelry";"ring";"bronze";"human";"Late Antiquity";"4th century"
"0-10_p006_9a4ad919";"sculpture";"statue";"marble";"none";"Late Antiquity";"unknown"
"0-10_p007_57cd23fb";"jewelry";"ring";"gold";"none";"Late Antiquity";"2nd century"
"0-10_p008_17bb71e2";"sculpture";"head";"marble";"none";"South Arabian antiquity";"3rd century"
"0-10_p009_562a976d";"stone monument";"tombstone";"marble";"human";"South Arabian antiquity";"3rd century"
"0-10_p010_ebdca4fd";"sculpture";"statue";"bronze";"camel";"Late Antiquity";"1st century"
"0-10_p011_8da6a7a3";"object";"unknown";"bronze";"none";"Late Antiquity";"unknown"
"0-10_p012_580fb51e";"sculpture";"statue";"marble";"none";"Late Antiquity";"unknown"
"0-10_p013_2740452a";"object";"unknown";"unknown";"none";"unknown";"unknown"
"0-10_p014_3517d3cf";"jewelry";"necklace";"silver";"none";"Late Antiquity";"20th century"
"0-10_p015_fdae0bd3";"jewelry";"ring";"silver";"none";"Late Antiquity";"unknown"
"0-10_p016_8d1e3a76";"object";"unknown";"gold";"none";"Islamic medieval";"unknown"
"0-10_p017_a92235c9";"stone monument";"tombstone";"marble";"none";"Late Antiquity";"unknown"
"0-10_p018_49544eb2";"object";"unknown";"unknown";"none";"unknown";"unknown"
"0-10_p019_6f0de64e";"object";"unknown";"bronze";"none";"unknown";"unknown"
"0-10_p020_d18e8f96";"object";"unknown";"unknown";"none";"unknown";"unknown"
"0-10_p021_bc77bf78";"sculpture";"statue";"marble";"none";"unknown";"unknown"
"0-10_p022_75d2072c";"object";"unknown";"unknown";"none";"unknown";"unknown"
"0-10_p023_9afad18b";"glyptic";"bead";"gold";"none";"Late Antiquity";"5th century"
"0-10_p024_d48fb288";"sculpture";"statue";"limestone";"none";"unknown";"unknown"
"0-10_p025_c53a961d";"sculpture";"head";"marble";"none";"Late Antiquity";"unknown"
"0-10_p026_f6a8f9a9";"object";"unknown";"unknown";"none";"unknown";"unknown"
"0-10_p027_dca79307";"object";"unknown";"unknown";"none";"unknown";"unknown"
"0-10_p028_00665aaa";"sculpture";"statue";"marble";"none";"Late Antiquity";"1st century"
"0-10_p029_e9def20a";"object";"unknown";"wood";"none";"Late Antiquity";"15th century"
"0-10_p030_ccd8e31d";"object";"unknown";"unknown";"none";"unknown";"unknown"
"0-10_p031_29d014fc";"currency";"coin";"silver";"none";"unknown";"unknown"
"0-10_p032_488d02d7";"manuscript";"manuscript";"unknown";"none";"Late Antiquity";"19th century"
"0-10_p033_71f40a11";"jewelry";"necklace";"stone";"none";"Late Antiquity";"19th century"
"0-10_p034_759f2660";"manuscript";"manuscript";"unknown";"none";"Late Antiquity";"19th century"
"0-10_p035_e38aa48c";"manuscript";"manuscript";"unknown";"none";"Islamic medieval";"18 century"
"0-10_p036_28dbcca0";"manuscript";"manuscript";"unknown";"none";"Islamic medieval";"19th century"
"0-10_p037_14408a7d";"manuscript";"manuscript";"unknown";"none";"Late Antiquity";"18th century"
"0-10_p038_0a64cd36";"stone monument";"tombstone";"stone";"human";"Late Antiquity";"unknown"
"0-10_p039_c2cc43e7";"sculpture";"statue";"marble";"bull";"unknown";"unknown"
"0-10_p040_6659a3f8";"stone monument";"tombstone";"stone";"human";"South Arabian antiquity";"unknown"
"0-10_p041_dfd46008";"manuscript";"manuscript";"unknown";"none";"Late Antiquity";"unknown"
"0-10_p042_192fe7a5";"sculpture";"head";"marble";"human";"Late Antiquity";"2nd century"
"0-10_p043_6bc97a28";"object";"unknown";"limestone";"human";"South Arabian antiquity";"unknown"
"0-10_p044_4c5d9f37";"sculpture";"statue";"marble";"human";"South Arabian antiquity";"unknown"
"0-10_p045_99bfbf8c";"sculpture";"statue";"stone";"bull";"unknown";"unknown"
"0-10_p046_12e811d2";"sculpture";"statue";"stone";"bull";"South Arabian antiquity";"unknown"
"0-10_p047_7c49c159";"sculpture";"head";"stone";"none";"South Arabian antiquity";"unknown"
"0-10_p048_56226172";"sculpture";"statue";"limestone";"human";"unknown";"unknown"
"0-10_p049_1fc29c1e";"sculpture";"head";"stone";"human";"South Arabian antiquity";"1st century"
"0-10_p050_18cac402";"sculpture";"head";"limestone";"none";"Late Antiquity";"unknown"
"0-10_p051_34a7616b";"sculpture";"head";"stone";"none";"unknown";"unknown"
"0-10_p052_fa11a25c";"sculpture";"statue";"stone";"human";"Late Antiquity";"unknown"
"0-10_p053_d3c8caa6";"weapon";"sword";"limestone";"none";"South Arabian antiquity";"unknown"
"0-10_p054_abef1e87";"sculpture";"head";"unknown";"human";"unknown";"unknown"
"0-10_p055_2e72c114";"stone monument";"tombstone";"limestone";"none";"South Arabian antiquity";"unknown"
"0-10_p056_617442c5";"stone monument";"tombstone";"limestone";"none";"unknown";"unknown"
"0-10_p057_310726c1";"sculpture";"statue";"marble";"human";"South Arabian antiquity";"2nd century"
"0-10_p058_daf636c3";"jewelry";"ring";"gold";"human";"Late Antiquity";"2nd century"
"0-10_p059_d03964ed";"object";"unknown";"bronze";"none";"South Arabian antiquity";"unknown"
"0-10_p060_a08b7ee7";"object";"unknown";"bronze";"lion";"unknown";"unknown"
"0-10_p061_1748219e";"object";"unknown";"bronze";"lion";"unknown";"unknown"
"0-10_p062_e4da8aed";"sculpture";"statue";"bronze";"horse";"South Arabian antiquity";"unknown"
"0-10_p063_7c650d5d";"sculpture";"statue";"bronze";"human";"South Arabian antiquity";"1st century"
"0-10_p064_849e91cc";"sculpture";"head";"stone";"human";"unknown";"unknown"
"0-10_p065_20d411b4";"sculpture";"statue";"marble";"human";"Late Antiquity";"unknown"
"0-10_p066_24a6970b";"stone monument";"tombstone";"stone";"human";"unknown";"unknown"
"0-10_p067_ac96fcd1";"sculpture";"statue";"bronze";"camel";"South Arabian antiquity";"unknown"
"0-10_p068_ba9aadb6";"currency";"coin";"unknown";"human owl";"South Arabian antiquity";"unknown"
"0-10_p069_fbb166c8";"currency";"coin";"unknown";"human owl";"South Arabian antiquity";"unknown"
"0-10_p070_89bc8721";"jewelry";"ring";"gold";"none";"South Arabian antiquity";"2nd century"
"0-10_p071_9aa6662e";"jewelry";"ring";"gold";"none";"South Arabian antiquity";"5th century"
"0-10_p072_6288a421";"currency";"coin";"unknown";"human owl";"South Arabian antiquity";"unknown"
"0-10_p073_d8fc1a04";"currency";"coin";"unknown";"human owl";"South Arabian antiquity";"unknown"
"0-10_p074_c161f5cf";"object";"unknown";"stone";"none";"Islamic medieval";"unknown"
"0-10_p075_9f7ba027";"currency";"coin";"silver";"none";"Late Antiquity";"unknown"
"0-10_p076_234f216d";"vessel";"bowl";"unknown";"owl";"Late Antiquity";"14th century"
"0-10_p077_356687a5";"object";"unknown";"unknown";"none";"Late Antiquity";"unknown"
"0-10_p078_f2f3e7cb";"currency";"coin";"silver";"none";"Islamic medieval";"unknown"
"0-10_p079_c497918f";"currency";"coin";"silver";"none";"Islamic medieval";"unknown"
"0-10_p080_6756332a";"jewelry";"ring";"wood";"none";"Late Antiquity";"14th century"
"0-10_p081_235de0d7";"currency";"coin";"silver";"none";"Islamic medieval";"unknown"
"0-10_p082_6e058211";"currency";"coin";"silver";"none";"unknown";"unknown"
"0-10_p083_ac6e1897";"currency";"coin";"gold";"none";"Islamic medieval";"unknown"
"0-10_p084_bd7a2055";"stone monument";"tombstone";"marble";"none";"Late Antiquity";"2nd century"
"0-10_p085_11863532";"stone monument";"tombstone";"marble";"none";"Late Antiquity";"1st century"
"0-10_p086_b4bc6c01";"sculpture";"head";"limestone";"bull deer";"Late Antiquity";"3rd century"
"0-10_p087_a80cea17";"sculpture";"statue";"marble";"none";"Late Antiquity";"2nd century"
"0-10_p088_8da4f483";"sculpture";"statue";"marble";"bull";"Late Antiquity";"2nd century"
"0-10_p089_71b79839";"jewelry";"ring";"marble";"none";"Late Antiquity";"1st century"
"0-10_p090_a1821757";"jewelry";"ring";"marble";"none";"Late Antiquity";"unknown"
"0-10_p091_675dae56";"sculpture";"statue";"marble";"none";"unknown";"unknown"
"0-10_p092_7148fee1";"object";"unknown";"unknown";"none";"unknown";"unknown"
"0-10_p093_d150be70";"object";"unknown";"unknown";"none";"unknown";"unknown"
"0-10_p094_4beb2bd8";"sculpture";"bust";"bronze";"bull";"Late Antiquity";"1st century"
"0-10_p095_f45e4544";"object";"unknown";"bronze";"none";"Late Antiquity";"2 century"
"0-10_p096_3b805a3b";"sculpture";"head";"marble";"bull";"Late Antiquity";"1st century"
"0-10_p097_262eef51";"sculpture";"head";"marble";"bull";"Late Antiquity";"1st century"
"0-10_p098_c56cfb3b";"stone monument";"tombstone";"marble";"none";"Late Antiquity";"1st century"
"0-10_p099_0528bb43";"stone monument";"tombstone";"marble";"none";"Late Antiquity";"1st century"
"0-10_p100_58192b63";"stone monument";"tombstone";"marble";"none";"Late Antiquity";"1st century"
"0-14_p001_62121bba";"manuscript";"manuscript";"unknown";"none";"Islamic medieval";"unknown"
"0-14_p002_4f5abcd7";"stone monument";"tombstone";"marble";"none";"South Arabian antiquity";"unknown"
"0-14_p003_1e0e2300";"stone monument";"tombstone";"stone";"none";"unknown";"unknown"
"0-14_p004_e4cc200e";"jewelry";"ring";"unknown";"none";"unknown";"unknown"
"0-14_p005_59922c9d";"jewelry";"ring";"alabaster";"female male";"South Arabian antiquity";"unknown"
"0-14_p006_a48893c6";"glyptic";"seal";"gold";"none";"South Arabian antiquity";"unknown"
"0-14_p007_aacdc682";"currency";"coin";"gold";"none";"Late Antiquity";"1st century"
"0-14_p008_6aaa8301";"sculpture";"statue";"unknown";"none";"Islamic medieval";"unknown"
"0-14_p009_fb023fb0";"glyptic";"seal";"bronze";"none";"unknown";"unknown"
"0-14_p010_656a84d3";"sculpture";"statue";"unknown";"none";"South Arabian antiquity";"unknown"
"0-14_p011_f3fc3f82";"sculpture";"statue";"bronze";"none";"unknown";"unknown"
"0-14_p012_73b7d3a7";"jewelry";"ring";"marble";"none";"South Arabian antiquity";"unknown"
"0-14_p013_3222fb9a";"sculpture";"statue";"alabaster";"camel";"South Arabian antiquity";"unknown"
"0-14_p014_a9daa7b6";"currency";"coin";"silver";"none";"Late Antiquity";"unknown"
"0-14_p015_f242a4cb";"sculpture";"head";"gold";"none";"Late Antiquity";"unknown"
"0-14_p016_2cd7b659";"object";"unknown";"unknown";"none";"South Arabian antiquity";"unknown"
"0-14_p017_39a255f9";"stone monument";"tombstone";"marble";"none";"Late Antiquity";"unknown"
"0-14_p018_444f37ec";"stone monument";"tombstone";"marble";"none";"Late Antiquity";"unknown"
"0-14_p019_d5f7eee0";"sculpture";"statue";"marble";"none";"Late Antiquity";"unknown"
"0-14_p020_f04d749f";"stone monument";"tombstone";"stone";"lion";"Late Antiquity";"unknown"
"0-14_p021_c2cda6df";"object";"unknown";"unknown";"none";"unknown";"unknown"
"0-14_p022_e7ef2ce4";"object";"unknown";"marble";"none";"Late Antiquity";"unknown"
"0-14_p023_c2a532c9";"object";"unknown";"unknown";"none";"unknown";"unknown"
"0-14_p024_afae1a49";"object";"unknown";"unknown";"none";"unknown";"unknown"
"0-14_p025_c5010102";"object";"unknown";"unknown";"none";"unknown";"unknown"
"0-14_p026_2c507d36";"object";"unknown";"marble";"none";"South Arabian antiquity";"unknown"
"0-14_p027_ec708607";"sculpture";"statue";"marble";"bull horse";"South Arabian antiquity";"unknown"
"0-14_p028_4041cb1f";"jewelry";"ring";"gold";"none";"South Arabian antiquity";"unknown"
"0-14_p029_f769888f";"sculpture";"statue";"marble";"human";"Late Antiquity";"unknown"
"0-14_p030_c5cb9878";"sculpture";"head";"unknown";"none";"Late Antiquity";"3rd century"
"0-14_p031_5ec6ec23";"object";"unknown";"unknown";"none";"unknown";"unknown"
"0-14_p032_82525ee5";"sculpture";"statue";"marble";"human";"Late Antiquity";"3rd century"
"0-14_p033_f5cf6a94";"object";"unknown";"unknown";"none";"unknown";"unknown"
"0-14_p034_cb7f1f4c";"object";"unknown";"unknown";"none";"unknown";"unknown"
"0-14_p035_4c0a409e";"sculpture";"statue";"unknown";"human";"Late Antiquity";"unknown"
"0-14_p036_90bc3926";"object";"unknown";"unknown";"none";"unknown";"unknown"
"0-14_p037_d8eb0074";"object";"unknown";"bronze";"none";"South Arabian antiquity";"unknown"
"0-14_p038_e61326bd";"sculpture";"statue";"limestone";"human";"South Arabian antiquity";"unknown"
"0-14_p039_ddf060e7";"object";"unknown";"marble";"none";"Islamic medieval";"unknown"
"0-14_p040_58885c6e";"object";"unknown";"limestone";"human";"Late Antiquity";"unknown"
"0-14_p041_6240297d";"sculpture";"statue";"marble";"none";"unknown";"unknown"
"0-14_p042_78ff3cb5";"object";"unknown";"unknown";"none";"unknown";"unknown"
"0-14_p043_1add3b82";"inscribed object";"tablet";"bronze";"none";"Late Antiquity";"unknown"
"0-14_p044_dfa1c7a5";"sculpture";"statue";"limestone";"human";"Late Antiquity";"unknown"
"0-14_p045_fd5a4154";"sculpture";"head";"bronze";"none";"Late Antiquity";"1st century"
"0-15_p001_5ec7c6a6";"sculpture";"statue";"marble";"human";"unknown";"unknown"
"0-15_p002_4bfef4f4";"sculpture";"statue";"bronze";"human";"Late Antiquity";"4th century"
"0-15_p003_fcc0a70a";"sculpture";"statue";"bronze";"none";"Late Antiquity";"unknown"
"0-15_p004_c0da1350";"sculpture";"statue";"marble";"human";"Late Antiquity";"unknown"
"0-15_p005_673dba90";"object";"unknown";"unknown";"human";"Late Antiquity";"unknown"
"0-15_p006_52386031";"sculpture";"head";"unknown";"human";"unknown";"unknown"
"0-15_p007_def7f6ce";"object";"unknown";"bronze";"bull";"Late Antiquity";"2nd century"
"0-15_p008_6bee6ec6";"sculpture";"statue";"bronze";"none";"South Arabian antiquity";"3rd century"
"0-15_p009_916ab2dc";"sculpture";"statue";"bronze";"human lion";"Late Antiquity";"4th century"
"0-15_p010_8edd6db0";"vessel";"bowl";"bronze";"human owl";"Late Antiquity";"4th century"
"0-15_p011_49b777d2";"stone monument";"tombstone";"marble";"none";"Islamic medieval";"unknown"
"0-15_p012_e87323e2";"sculpture";"head";"marble";"bull";"Late Antiquity";"unknown"
"0-15_p013_0dd4672b";"object";"unknown";"unknown";"none";"unknown";"unknown"
"0-15_p014_a068dae9";"sculpture";"statue";"bronze";"human";"unknown";"unknown"
"0-15_p015_9324d7a9";"object";"unknown";"marble";"human";"Late Antiquity";"unknown"
"0-15_p016_db738e8e";"object";"unknown";"marble";"human";"Late Antiquity";"unknown"
"0-15_p017_3fa3bd29";"sculpture";"head";"limestone";"human";"unknown";"unknown"
"0-15_p018_ef4d7e3a";"object";"unknown";"marble";"human";"South Arabian antiquity";"unknown"
"0-15_p019_fb74bc8b";"object";"unknown";"marble";"human";"South Arabian antiquity";"unknown"
"0-15_p020_79ae21fe";"object";"unknown";"limestone";"none";"South Arabian antiquity";"3rd century"
"0-15_p021_5426c41f";"jewelry";"ring";"bronze";"lion";"Late Antiquity";"unknown"
"0-15_p022_61a0f22c";"sculpture";"head";"marble";"none";"Late Antiquity";"unknown"
"0-15_p023_084e2ec4";"sculpture";"statue";"marble";"camel";"unknown";"unknown"
"0-15_p024_b1de0c50";"object";"unknown";"unknown";"none";"unknown";"unknown"
"0-15_p025_05285547";"sculpture";"statue";"bronze";"human";"Late Antiquity";"unknown"
"0-15_p026_22dd2aa6";"jewelry";"ring";"gold";"none";"Late Antiquity";"2nd century"
"0-15_p027_0e0a774f";"sculpture";"statue";"marble";"lion";"South Arabian antiquity";"1st century"
"0-15_p028_c7d29530";"sculpture";"statue";"bronze";"camel";"Late Antiquity";"5th century"
"0-15_p029_708b80f1";"sculpture";"head";"marble";"none";"Late Antiquity";"1st century"
"0-15_p030_33da7d09";"sculpture";"head";"marble";"bull";"Late Antiquity";"3rd century"
"0-15_p031_5ab9265a";"stone monument";"tombstone";"marble";"human";"South Arabian antiquity";"1st century"
"0-15_p032_b74a4fc2";"sculpture";"head";"unknown";"human";"unknown";"unknown"
"0-15_p033_c4ceba0a";"object";"unknown";"stone";"lion";"Late Antiquity";"5th century"
"0-15_p034_5ae1c445";"object";"unknown";"unknown";"none";"unknown";"unknown"
"0-15_p035_712fea6b";"object";"unknown";"limestone";"human";"Late Antiquity";"unknown"
"0-15_p036_88b8da58";"sculpture";"statue";"marble";"human";"Late Antiquity";"unknown"
"0-15_p037_64fa1f75";"object";"unknown";"stone";"none";"Late Antiquity";"unknown"
"0-15_p038_0959e9dd";"sculpture";"head";"marble";"human";"Late Antiquity";"unknown"
"0-15_p039_5857a955";"sculpture";"statue";"alabaster";"bull";"unknown";"unknown"
"0-15_p040_e0dc32d6";"sculpture";"bust";"unknown";"none";"unknown";"unknown"
"0-15_p041_db48b6be";"jewelry";"ring";"stone";"human";"Late Antiquity";"unknown"
"0-15_p042_871c71d9";"sculpture";"head";"unknown";"human";"unknown";"unknown"
"0-15_p043_7d4df7c8";"sculpture";"head";"marble";"human";"Late Antiquity";"4th century"
"0-15_p044_012a8598";"sculpture";"statue";"unknown";"human";"unknown";"unknown"
"0-15_p045_c931c985";"jewelry";"ring";"gold";"none";"unknown";"unknown"
"0-15_p046_0de7aaca";"jewelry";"necklace";"gold";"none";"Late Antiquity";"unknown"
"0-15_p047_f7b5981e";"jewelry";"ring";"gold";"none";"unknown";"unknown"
"0-15_p048_f5d5eba6";"sculpture";"statue";"marble";"none";"unknown";"unknown"
"0-15_p049_69ab0fd4";"sculpture";"head";"marble";"bull";"Late Antiquity";"1st century"
"0-15_p050_26868a7b";"object";"unknown";"unknown";"none";"unknown";"unknown"
"0-16_p001_64404493";"sculpture";"statue";"marble";"lion";"unknown";"unknown"
"0-16_p002_3b31a507";"object";"unknown";"unknown";"none";"unknown";"unknown"
"0-16_p003_a478c1a3";"sculpture";"statue";"alabaster";"none";"Late Antiquity";"1st century"
"0-16_p004_effd809f";"stone monument";"tombstone";"limestone";"none";"Late Antiquity";"unknown"
"0-16_p005_c5076eb4";"stone monument";"tombstone";"limestone";"none";"Late Antiquity";"unknown"
"0-16_p006_1ba70ff8";"stone monument";"tombstone";"marble";"none";"Islamic medieval";"unknown"
"0-16_p007_0fc20664";"sculpture";"statue";"bronze";"camel human";"Late Antiquity";"unknown"
"0-16_p008_0033d68a";"jewelry";"ring";"bronze";"none";"unknown";"unknown"
"0-16_p009_67e0ca1b";"jewelry";"ring";"bronze";"female male";"Late Antiquity";"unknown"
"0-16_p010_1a66044c";"sculpture";"statue";"bronze";"camel";"unknown";"unknown"
"0-16_p011_ba9f2252";"sculpture";"statue";"bronze";"ibex";"unknown";"unknown"
"0-16_p012_54866ff3";"jewelry";"ring";"bronze";"none";"South Arabian antiquity";"unknown"
"0-16_p013_c15d6f3a";"sculpture";"statue";"bronze";"none";"unknown";"unknown"
"0-16_p014_9c48a41b";"jewelry";"ring";"bronze";"camel";"Late Antiquity";"unknown"
"0-18_p001_593cd272";"weapon";"sword";"bronze";"lion";"Late Antiquity";"unknown"
"0-18_p001_669d467d";"jewelry";"ring";"bronze";"human";"unknown";"unknown"
"0-18_p002_6dd48f0e";"jewelry";"ring";"marble";"human";"unknown";"unknown"
"0-18_p002_ae943cdb";"object";"unknown";"bronze";"none";"unknown";"unknown"
"0-18_p003_84275417";"jewelry";"ring";"gold";"none";"unknown";"unknown"
"0-18_p003_fc5fac26";"object";"unknown";"marble";"none";"Late Antiquity";"unknown"
"0-18_p004_094231c0";"object";"unknown";"marble";"none";"unknown";"unknown"
"0-18_p004_4f27afc0";"sculpture";"statue";"limestone";"human";"unknown";"unknown"
"0-18_p005_2c734e86";"object";"unknown";"marble";"none";"unknown";"unknown"
"0-18_p005_c7e7b78a";"object";"unknown";"marble";"none";"Late Antiquity";"unknown"
"0-18_p006_bb91182f";"vessel";"bowl";"bronze";"owl";"unknown";"unknown"
"0-18_p006_c11d48c1";"sculpture";"head";"limestone";"none";"unknown";"unknown"
"0-18_p007_95827082";"vessel";"bowl";"bronze";"owl";"unknown";"unknown"
"0-18_p007_be9577b5";"glyptic";"bead";"stone";"none";"unknown";"unknown"
"0-18_p008_534e4431";"currency";"coin";"unknown";"human";"Late Antiquity";"unknown"
"0-19_p001_294d6b2d";"object";"unknown";"unknown";"none";"unknown";"unknown"
"0-19_p002_ccd82731";"object";"unknown";"marble";"lion";"Late Antiquity";"unknown"
"0-19_p003_68d33d52";"sculpture";"statue";"alabaster";"ibex";"Late Antiquity";"3rd century"
"0-19_p004_5e2dc892";"sculpture";"statue";"bronze";"human";"unknown";"unknown"
"0-19_p005_bc5c1fc3";"object";"unknown";"marble";"none";"Late Antiquity";"unknown"
"0-19_p006_55714451";"object";"unknown";"bronze";"none";"unknown";"unknown"
"0-19_p007_67eaeef1";"sculpture";"statue";"marble";"none";"Late Antiquity";"unknown"
"0-19_p008_3f1052df";"sculpture";"head";"marble";"bull human";"Late Antiquity";"unknown"
"0-19_p009_7128eb36";"sculpture";"head";"marble";"bull";"Late Antiquity";"unknown"
"0-19_p010_da2683d3";"sculpture";"head";"marble";"bull";"Late Antiquity";"3rd century"
"0-19_p011_4163a650";"sculpture";"statue";"marble";"bull lion";"Late Antiquity";"2nd century"
"0-19_p012_b1c2d8a1";"sculpture";"statue";"bronze";"none";"Late Antiquity";"5th century"
"0-19_p013_9c466c62";"jewelry";"necklace";"gold";"bull";"South Arabian antiquity";"unknown"
"0-19_p014_2fe35087";"sculpture";"statue";"marble";"camel";"Late Antiquity";"3rd century"
"0-19_p015_b99ecd9b";"object";"unknown";"unknown";"none";"unknown";"unknown"
"0-19_p016_f1c14395";"sculpture";"statue";"marble";"none";"Late Antiquity";"unknown"
"0-19_p017_05fc108b";"sculpture";"head";"limestone";"bull";"Late Antiquity";"unknown"
"0-19_p018_67d766c0";"sculpture";"head";"marble";"bull";"Late Antiquity";"unknown"
"0-19_p019_233280a4";"stone monument";"tombstone";"stone";"none";"unknown";"unknown"
"0-19_p020_651730f0";"sculpture";"head";"unknown";"human";"unknown";"unknown"
"0-19_p021_e390ce45";"object";"unknown";"unknown";"none";"unknown";"unknown"
"0-19_p022_326f8fc1";"manuscript";"manuscript";"unknown";"none";"Islamic medieval";"unknown"
"0-19_p023_faae9bc7";"jewelry";"ring";"bronze";"bull";"Late Antiquity";"5th century"
"0-19_p024_b2b6dbc2";"sculpture";"statue";"stone";"none";"Late Antiquity";"7th century"
"0-19_p025_1f5cf1a6";"object";"unknown";"bronze";"none";"Late Antiquity";"2nd century"
"0-19_p026_c8fa5e2c";"jewelry";"ring";"bronze";"none";"Late Antiquity";"1st century"
"0-19_p027_9cd828cf";"sculpture";"statue";"bronze";"none";"Late Antiquity";"2nd century"
"0-19_p028_9666997a";"stone monument";"tombstone";"marble";"none";"Late Antiquity";"2th century"
"0-19_p029_495dd84b";"sculpture";"head";"marble";"bull";"Late Antiquity";"1st century"
"0-19_p030_6c5f64eb";"object";"unknown";"unknown";"none";"unknown";"unknown"
"0-19_p031_730dfa3d";"stone monument";"tombstone";"stone";"human";"Late Antiquity";"1st century"
"0-19_p032_93ced4b7";"jewelry";"ring";"marble";"bull";"Late Antiquity";"unknown"
"0-19_p033_5f3b7707";"stone monument";"tombstone";"stone";"human";"South Arabian antiquity";"unknown"
"0-19_p034_24273a1d";"sculpture";"statue";"unknown";"horse";"unknown";"unknown"
"0-19_p035_bf482bed";"jewelry";"necklace";"unknown";"bull";"Late Antiquity";"unknown"
"0-19_p036_988bc432";"currency";"coin";"unknown";"human";"Late Antiquity";"unknown"
"0-19_p037_69095412";"currency";"coin";"silver";"none";"Late Antiquity";"unknown"
"0-19_p038_693823ed";"currency";"coin";"unknown";"human owl";"Late Antiquity";"unknown"
"0-19_p039_6d43cebc";"currency";"coin";"unknown";"human";"Late Antiquity";"unknown"
"0-19_p040_beb81773";"currency";"coin";"silver";"human owl";"Late Antiquity";"4th century"
"0-19_p041_da78d310";"currency";"coin";"unknown";"none";"unknown";"unknown"
"0-19_p042_99ed724d";"currency";"coin";"unknown";"human";"Late Antiquity";"unknown"
"0-19_p043_0cdc9c57";"currency";"coin";"unknown";"human owl";"Late Antiquity";"4th century"
"0-19_p044_3b8ce08e";"currency";"coin";"unknown";"human owl";"Late Antiquity";"4th century"
"0-19_p045_95cc1d3d";"currency";"coin";"unknown";"human owl";"Late Antiquity";"4th century"
"0-19_p046_943d9d71";"currency";"coin";"unknown";"human owl";"Late Antiquity";"4th century"
"0-19_p047_44ef61e8";"currency";"coin";"unknown";"human owl";"Late Antiquity";"4th century"
"0-19_p048_b5246a2e";"currency";"coin";"unknown";"human owl";"Late Antiquity";"4th century"
"0-19_p049_bf549fbd";"currency";"coin";"unknown";"human owl";"Late Antiquity";"4th century"
"0-19_p050_7c5f056c";"currency";"coin";"unknown";"human owl";"Late Antiquity";"4th century"
"0-2_p001_7b928cc0";"sculpture";"statue";"bronze";"lion";"Late Antiquity";"unknown"
"0-2_p001_9ac8569e";"object";"unknown";"bronze";"none";"Late Antiquity";"unknown"
"0-2_p001_b913436d";"object";"unknown";"bronze";"none";"Late Antiquity";"unknown"
"0-2_p002_4cbe0291";"object";"unknown";"bronze";"none";"unknown";"unknown"
"0-2_p002_4d51bd78";"object";"unknown";"bronze";"none";"unknown";"unknown"
"0-2_p002_5d0e75cf";"object";"unknown";"bronze";"none";"unknown";"unknown"
"0-2_p002_9bd63099";"sculpture";"head";"bronze";"none";"unknown";"unknown"
"0-2_p002_d0750279";"object";"unknown";"bronze";"none";"unknown";"unknown"
"0-2_p003_98fdfa65";"object";"unknown";"bronze";"human";"Late Antiquity";"unknown"
"0-2_p003_ad65ece3";"object";"unknown";"bronze";"none";"Late Antiquity";"unknown"
"0-2_p003_bfdffd53";"object";"unknown";"bronze";"none";"Late Antiquity";"unknown"
"0-2_p004_5c0ce4f2";"jewelry";"ring";"bronze";"none";"unknown";"unknown"
"0-2_p004_a1e8f091";"object";"unknown";"bronze";"none";"Late Antiquity";"unknown"
"0-2_p004_c5ef7ed9";"sculpture";"statue";"bronze";"none";"Islamic medieval";"unknown"
"0-2_p005_2c9897b0";"object";"unknown";"gold";"none";"Late Antiquity";"unknown"
"0-2_p005_9c02fdd2";"object";"unknown";"gold";"none";"unknown";"unknown"
"0-2_p005_dd3f3e0d";"sculpture";"statue";"bronze";"none";"Late Antiquity";"unknown"
"0-2_p006_66ae42d6";"object";"unknown";"gold";"none";"Islamic medieval";"unknown"
"0-2_p006_757ffc98";"object";"unknown";"gold";"none";"unknown";"unknown"
"0-2_p006_936cf0b5";"object";"unknown";"gold";"lion";"unknown";"unknown"
"0-2_p007_1052266d";"object";"unknown";"stone";"none";"Late Antiquity";"unknown"
"0-2_p007_3f4b534f";"object";"unknown";"gold";"none";"Late Antiquity";"unknown"
"0-20_p001_14ba7e53";"object";"unknown";"unknown";"human";"Late Antiquity";"unknown"
"0-20_p002_b14b00e4";"currency";"coin";"unknown";"human owl";"Late Antiquity";"unknown"
"0-20_p003_45ff5832";"currency";"coin";"unknown";"human owl";"Late Antiquity";"4th century"
"0-20_p004_ee5f7ead";"currency";"coin";"unknown";"human";"Late Antiquity";"unknown"
"0-20_p005_75c53cdf";"currency";"coin";"unknown";"none";"unknown";"unknown"
"0-20_p006_85bfc1a7";"currency";"coin";"unknown";"owl";"Late Antiquity";"4th century"
"0-20_p007_2524522f";"currency";"coin";"unknown";"human";"Late Antiquity";"unknown"
"0-20_p008_111af9b2";"currency";"coin";"unknown";"human owl";"Late Antiquity";"4th century"
"0-20_p009_f0225467";"currency";"coin";"unknown";"human owl";"Late Antiquity";"unknown"
"0-20_p010_dd9973f8";"currency";"coin";"unknown";"human";"Late Antiquity";"unknown"
"0-20_p011_6e014a26";"currency";"coin";"unknown";"human";"Late Antiquity";"unknown"
"0-20_p012_8da05589";"currency";"coin";"unknown";"human owl";"South Arabian antiquity";"1st century"
"0-20_p013_724465ac";"currency";"coin";"unknown";"human owl";"Late Antiquity";"4th century"
"0-20_p014_98e475ac";"currency";"coin";"unknown";"human owl";"Late Antiquity";"unknown"
"0-20_p015_b321d6c7";"currency";"coin";"unknown";"human owl";"South Arabian antiquity";"1st century"
"0-20_p016_47008bd5";"currency";"coin";"unknown";"none";"unknown";"unknown"
"0-20_p017_f8383222";"currency";"coin";"unknown";"human owl";"South Arabian antiquity";"4th century"
"0-20_p018_6abb85bf";"currency";"coin";"unknown";"owl";"Late Antiquity";"4th century"
"0-20_p019_6b4fc758";"currency";"coin";"silver";"owl";"Late Antiquity";"4th century"
"0-20_p020_c52ba027";"currency";"coin";"silver";"human owl";"Late Antiquity";"4th century"
"0-20_p021_7fe4d473";"object";"unknown";"unknown";"none";"unknown";"unknown"
"0-20_p022_baba8a54";"currency";"coin";"unknown";"none";"unknown";"unknown"
"0-20_p023_2567218d";"currency";"coin";"unknown";"human owl";"Late Antiquity";"4th century"
"0-20_p024_ce068211";"currency";"coin";"unknown";"human owl";"Late Antiquity";"4th century"
"0-20_p025_a1fc2918";"currency";"coin";"unknown";"none";"Late Antiquity";"4th century"
"0-20_p026_610bf14f";"currency";"coin";"unknown";"human";"Late Antiquity";"unknown"
"0-20_p027_af3d91ae";"currency";"coin";"unknown";"none";"Late Antiquity";"unknown"
"0-20_p028_9a4617ac";"currency";"coin";"unknown";"human";"Late Antiquity";"unknown"
"0-20_p029_46e9a3df";"currency";"coin";"unknown";"none";"Late Antiquity";"unknown"
"0-20_p030_1458be92";"currency";"coin";"unknown";"owl";"Late Antiquity";"unknown"
"0-20_p031_17726d68";"object";"unknown";"unknown";"none";"unknown";"unknown"
"0-20_p032_f6012116";"currency";"coin";"silver";"human owl";"Late Antiquity";"4th century"
"0-20_p033_e55e377a";"currency";"coin";"unknown";"none";"unknown";"unknown"
"0-20_p034_1d594993";"currency";"coin";"unknown";"none";"unknown";"unknown"
"0-20_p035_2cbf1ee3";"currency";"coin";"unknown";"human owl";"Late Antiquity";"4th century"
"0-20_p036_4747b1ef";"currency";"coin";"unknown";"human owl lion";"Late Antiquity";"4th century"
"0-20_p037_2d4043d3";"currency";"coin";"unknown";"human owl";"Late Antiquity";"4th century"
"0-20_p038_a18becd5";"currency";"coin";"unknown";"human owl";"Late Antiquity";"4th century"
"0-20_p039_8d185c48";"currency";"coin";"unknown";"human owl";"Late Antiquity";"4th century"
"0-20_p040_f8c329c1";"currency";"coin";"unknown";"owl";"Late Antiquity";"4th century"
"0-20_p041_ecea2d90";"currency";"coin";"unknown";"human owl";"Late Antiquity";"4th century"
"0-20_p042_39bd1309";"currency";"coin";"unknown";"human owl";"Late Antiquity";"4th century"
"0-20_p043_9bbf2b5f";"currency";"coin";"silver";"none";"Islamic medieval";"unknown"
"0-20_p044_2e039779";"currency";"coin";"silver";"none";"Islamic medieval";"unknown"
"0-20_p045_9156a25d";"currency";"coin";"silver";"none";"Islamic medieval";"unknown"
"0-20_p046_462aae8f";"currency";"coin";"silver";"none";"Islamic medieval";"unknown"
"0-20_p047_939f11c5";"currency";"coin";"silver";"none";"Late Antiquity";"unknown"
"0-20_p048_5801f2d6";"currency";"coin";"silver";"none";"unknown";"unknown"
"0-20_p049_701e2dca";"currency";"coin";"silver";"none";"Late Antiquity";"unknown"
"0-20_p050_a1da5613";"currency";"coin";"silver";"none";"Late Antiquity";"unknown"
"0-20_p051_1c6be826";"currency";"coin";"silver";"none";"Late Antiquity";"unknown"
"0-20_p052_0d4b862d";"currency";"coin";"silver";"none";"Late Antiquity";"unknown"
"0-20_p053_8f5c36d0";"currency";"coin";"silver";"none";"Late Antiquity";"unknown"
"0-20_p054_c3a12094";"currency";"coin";"silver";"none";"Late Antiquity";"unknown"
"0-20_p055_e3050ce4";"currency";"coin";"silver";"none";"Late Antiquity";"unknown"
"0-20_p056_7a103575";"currency";"coin";"silver";"none";"Late Antiquity";"unknown"
"0-20_p057_db7a58e9";"currency";"coin";"silver";"none";"Late Antiquity";"unknown"
"0-20_p058_93df077b";"currency";"coin";"silver";"none";"Late Antiquity";"unknown"
"0-20_p059_c69cf0b5";"currency";"coin";"silver";"none";"Late Antiquity";"unknown"
"0-20_p060_ec3b4cfe";"currency";"coin";"silver";"none";"Late Antiquity";"unknown"
"0-20_p061_b091d692";"currency";"coin";"silver";"none";"Late Antiquity";"unknown"
"0-20_p062_cc8d1539";"currency";"coin";"silver";"none";"Late Antiquity";"unknown"
"0-20_p063_d206ca8a";"currency";"coin";"silver";"none";"unknown";"unknown"
"0-20_p064_cee55f67";"currency";"coin";"silver";"none";"unknown";"unknown"
"0-20_p065_9590a362";"sculpture";"statue";"marble";"camel";"Late Antiquity";"unknown"
"0-20_p066_616d9231";"stone monument";"tombstone";"stone";"none";"South Arabian antiquity";"unknown"
"0-20_p067_20f0c8ed";"jewelry";"ring";"gold";"none";"unknown";"unknown"
"0-20_p068_11108105";"jewelry";"ring";"gold";"none";"Late Antiquity";"unknown"
"0-20_p069_c5cf4c7d";"jewelry";"ring";"gold";"horse";"Late Antiquity";"unknown"
"0-20_p070_2d4a4bb4";"jewelry";"ring";"gold";"none";"unknown";"unknown"
"0-20_p071_2e1902b5";"jewelry";"necklace";"gold";"none";"Late Antiquity";"unknown"
"0-20_p072_779c119b";"object";"unknown";"gold";"none";"Late Antiquity";"unknown"
"0-20_p073_f69476db";"stone monument";"tombstone";"stone";"none";"Late Antiquity";"unknown"
"0-20_p074_81b6bda4";"object";"unknown";"marble";"none";"unknown";"unknown"
"0-21_p001_6adec507";"jewelry";"necklace";"gold";"none";"Late Antiquity";"unknown"
"0-21_p002_6e218938";"object";"unknown";"unknown";"none";"Islamic medieval";"unknown"
"0-21_p003_6b5eae07";"jewelry";"ring";"gold";"none";"unknown";"unknown"
"0-21_p004_ab94b753";"jewelry";"ring";"gold";"none";"Late Antiquity";"unknown"
"0-21_p005_539ad6f3";"jewelry";"ring";"marble";"human";"Late Antiquity";"10th century"
"0-21_p006_84c0b921";"object";"unknown";"limestone";"none";"Late Antiquity";"unknown"
"0-21_p007_bba92ffb";"sculpture";"head";"marble";"none";"Late Antiquity";"unknown"
"0-21_p008_4d2fd3f8";"object";"unknown";"marble";"none";"unknown";"unknown"
"0-21_p009_70022fb3";"sculpture";"statue";"marble";"bull";"Late Antiquity";"unknown"
"0-21_p010_69ca4ac6";"sculpture";"statue";"marble";"goat";"unknown";"unknown"
"0-21_p011_de7c463c";"sculpture";"statue";"marble";"bull";"unknown";"unknown"
"0-21_p012_cb36e5e4";"sculpture";"statue";"marble";"human";"Late Antiquity";"unknown"
"0-21_p013_5466316d";"stone monument";"tombstone";"marble";"none";"Late Antiquity";"unknown"
"0-21_p014_587c3579";"sculpture";"statue";"marble";"human";"Late Antiquity";"unknown"
"0-21_p015_8de652d6";"jewelry";"ring";"marble";"none";"Late Antiquity";"unknown"
"0-21_p016_7c432e20";"inscribed object";"plaque";"marble";"none";"South Arabian antiquity";"unknown"
"0-21_p017_19d0b722";"sculpture";"statue";"marble";"human";"Late Antiquity";"unknown"
"0-21_p018_dfc398a6";"sculpture";"statue";"marble";"human";"Late Antiquity";"unknown"
"0-21_p019_6a294d81";"sculpture";"statue";"stone";"human";"Late Antiquity";"unknown"
"0-21_p020_59f8ecef";"sculpture";"head";"marble";"bull";"unknown";"unknown"
"0-21_p021_a227a653";"object";"unknown";"marble";"none";"Islamic medieval";"unknown"
"0-21_p022_33194a38";"object";"unknown";"marble";"none";"Islamic medieval";"unknown"
"0-21_p023_0ecb35f6";"object";"unknown";"stone";"none";"Late Antiquity";"unknown"
"0-21_p024_dec4451a";"object";"unknown";"stone";"none";"Late Antiquity";"10th century"
"0-21_p025_de34ae55";"jewelry";"ring";"bronze";"none";"Late Antiquity";"3rd century"
"0-21_p026_e8ab5e07";"jewelry";"ring";"iron";"human";"Late Antiquity";"5th century"
"0-21_p027_ae3c4f62";"object";"unknown";"stone";"human";"Late Antiquity";"5th century"
"0-21_p028_5d8aee21";"sculpture";"statue";"marble";"human";"Late Antiquity";"unknown"
"0-21_p029_d8585686";"sculpture";"statue";"marble";"human";"unknown";"unknown"
"0-21_p030_fbc5b747";"sculpture";"statue";"marble";"human";"unknown";"unknown"
"0-21_p031_bcd0f28f";"sculpture";"statue";"unknown";"human";"Late Antiquity";"unknown"
"0-22_p001_893a67b8";"sculpture";"statue";"limestone";"none";"unknown";"unknown"
"0-22_p002_bfc37e54";"jewelry";"ring";"marble";"none";"Late Antiquity";"1th century"
"0-22_p003_bb284de5";"sculpture";"statue";"marble";"bull";"Late Antiquity";"1th century"
"0-22_p004_4c5b844c";"sculpture";"statue";"marble";"none";"Late Antiquity";"unknown"
"0-22_p005_668e82c7";"object";"unknown";"unknown";"none";"unknown";"unknown"
"0-22_p006_b71734c4";"manuscript";"manuscript";"unknown";"none";"Islamic medieval";"18th century"
"0-22_p007_0d42f868";"manuscript";"manuscript";"unknown";"none";"Late Antiquity";"19th century"
"0-22_p008_e6f7e902";"manuscript";"manuscript";"unknown";"none";"Islamic medieval";"19th century"
"0-22_p009_ab2ed43b";"manuscript";"manuscript";"unknown";"none";"Late Antiquity";"unknown"
"0-22_p010_7fb500f3";"object";"unknown";"unknown";"none";"unknown";"unknown"
"0-22_p011_683adcce";"jewelry";"ring";"unknown";"none";"Islamic medieval";"19th century"
"0-22_p012_ec9c65d5";"manuscript";"manuscript";"unknown";"none";"Islamic medieval";"19th century"
"0-22_p013_72b94c40";"manuscript";"manuscript";"unknown";"none";"Late Antiquity";"unknown"
"0-22_p014_f8a5f56a";"manuscript";"manuscript";"unknown";"none";"Islamic medieval";"19th century"
"0-22_p015_88c123d1";"object";"unknown";"unknown";"none";"unknown";"unknown"
"0-22_p016_cc4b6a73";"manuscript";"manuscript";"unknown";"none";"Late Antiquity";"19th century"
"0-22_p017_6abd9361";"jewelry";"ring";"marble";"none";"Late Antiquity";"unknown"
"0-22_p018_439e9ea8";"stone monument";"tombstone";"marble";"none";"Late Antiquity";"unknown"
"0-22_p019_3b93fef1";"object";"unknown";"unknown";"none";"unknown";"unknown"
"0-22_p020_d68dbfc2";"object";"unknown";"unknown";"none";"unknown";"unknown"
"0-22_p021_05077278";"object";"unknown";"unknown";"none";"unknown";"unknown"
"0-22_p022_e2eb1dc8";"sculpture";"statue";"unknown";"none";"Late Antiquity";"unknown"
"0-22_p023_23c77c9b";"stone monument";"tombstone";"marble";"none";"Late Antiquity";"unknown"
"0-22_p024_df087257";"object";"unknown";"wood";"none";"Late Antiquity";"14th century"
"0-22_p025_08380c5d";"jewelry";"ring";"limestone";"none";"Late Antiquity";"1st century"
"0-22_p026_13970e3d";"jewelry";"ring";"limestone";"none";"Late Antiquity";"1st century"
"0-22_p027_759f710f";"sculpture";"statue";"unknown";"bull";"Late Antiquity";"3rd century"
"0-22_p028_66b11011";"object";"unknown";"marble";"none";"Islamic medieval";"unknown"
"0-22_p029_ff538274";"jewelry";"necklace";"unknown";"none";"Late Antiquity";"unknown"
"0-22_p030_cb31daf3";"sculpture";"bust";"marble";"none";"South Arabian antiquity";"unknown"
"0-22_p031_22acfcad";"jewelry";"ring";"stone";"none";"Late Antiquity";"5th century"
"0-23_p001_3b177a57";"sculpture";"statue";"marble";"none";"Late Antiquity";"unknown"
"0-23_p002_1bd278fb";"jewelry";"ring";"marble";"none";"South Arabian antiquity";"unknown"
"0-23_p003_a6f1b4cd";"stone monument";"tombstone";"marble";"human";"Late Antiquity";"unknown"
"0-23_p004_09a953a0";"stone monument";"tombstone";"marble";"human";"Late Antiquity";"unknown"
"0-23_p005_f55e2a83";"sculpture";"statue";"bronze";"goat";"Late Antiquity";"unknown"
"0-23_p006_4e7522f7";"stone monument";"tombstone";"stone";"human";"Islamic medieval";"unknown"
"0-23_p007_885d7bea";"stone monument";"tombstone";"marble";"human";"Late Antiquity";"unknown"
"0-23_p008_05b6255b";"jewelry";"ring";"marble";"none";"unknown";"unknown"
"0-23_p009_b6a13d39";"sculpture";"head";"marble";"none";"Late Antiquity";"unknown"
"0-23_p010_42068f0f";"object";"unknown";"unknown";"none";"unknown";"unknown"
"0-23_p011_9d516878";"sculpture";"statue";"bronze";"bull";"Late Antiquity";"8th century"
"0-23_p012_328b6ba2";"object";"unknown";"silver";"none";"Late Antiquity";"2nd century"
"0-23_p013_6877be73";"object";"unknown";"unknown";"none";"Late Antiquity";"unknown"
"0-23_p014_242c6ad9";"object";"unknown";"marble";"none";"unknown";"unknown"
"0-23_p015_7d122071";"stone monument";"tombstone";"marble";"human";"Late Antiquity";"unknown"
"0-23_p016_d34f10b0";"sculpture";"head";"marble";"bull";"South Arabian antiquity";"unknown"
"0-23_p017_5355a7e9";"stone monument";"tombstone";"limestone";"human";"Late Antiquity";"unknown"
"0-23_p018_828f18b7";"jewelry";"ring";"bronze";"none";"Late Antiquity";"unknown"
"0-23_p019_6d3115bc";"stone monument";"tombstone";"marble";"human";"Late Antiquity";"unknown"
"0-23_p020_7fb70004";"stone monument";"tombstone";"marble";"human";"Late Antiquity";"unknown"
"0-23_p021_2ef78b19";"jewelry";"ring";"limestone";"none";"South Arabian antiquity";"unknown"
"0-23_p022_fd8a0a14";"jewelry";"ring";"gold";"none";"Late Antiquity";"unknown"
"0-23_p023_c1627aa0";"glyptic";"seal";"limestone";"none";"Late Antiquity";"2nd century"
"0-23_p024_ffe01bb2";"stone monument";"tombstone";"limestone";"none";"Late Antiquity";"unknown"
"0-23_p025_0a657650";"stone monument";"tombstone";"limestone";"none";"Late Antiquity";"unknown"
"0-23_p026_748c8649";"object";"unknown";"marble";"none";"Late Antiquity";"3rd century"
"0-23_p027_f4634af2";"stone monument";"tombstone";"marble";"bull";"Islamic medieval";"unknown"
"0-23_p028_e4b77dbc";"sculpture";"statue";"bronze";"none";"Late Antiquity";"2nd century"
"0-23_p029_8fba2a61";"stone monument";"tombstone";"limestone";"none";"Late Antiquity";"2nd century"
"0-23_p030_d582f908";"object";"unknown";"marble";"none";"Late Antiquity";"unknown"
"0-23_p031_3ddd866d";"sculpture";"statue";"limestone";"none";"Late Antiquity";"unknown"
"0-23_p032_2734196d";"sculpture";"head";"marble";"none";"Late Antiquity";"5th century"
"0-23_p033_50d9b647";"object";"unknown";"stone";"none";"Late Antiquity";"3rd century"
"0-23_p034_739e4656";"sculpture";"statue";"marble";"bull";"unknown";"unknown"
"0-23_p035_08523e2f";"sculpture";"statue";"limestone";"none";"Late Antiquity";"unknown"
"0-23_p036_f38b56f5";"sculpture";"statue";"marble";"none";"Late Antiquity";"unknown"
"0-23_p037_6911490a";"jewelry";"ring";"marble";"none";"Late Antiquity";"2nd century"
"0-23_p038_02aca612";"object";"unknown";"marble";"none";"Late Antiquity";"unknown"
"0-23_p039_bb7ad38f";"object";"unknown";"limestone";"none";"Late Antiquity";"2nd century"
"0-23_p040_038da38c";"object";"unknown";"limestone";"none";"Late Antiquity";"unknown"
"0-23_p041_e38d3616";"sculpture";"statue";"bronze";"camel";"unknown";"unknown"
"0-23_p042_df532a8f";"object";"unknown";"stone";"none";"Late Antiquity";"unknown"
"0-23_p043_8b4c9199";"stone monument";"tombstone";"marble";"none";"Late Antiquity";"unknown"
"0-23_p044_c0f20c38";"stone monument";"tombstone";"stone";"none";"Late Antiquity";"unknown"
"0-23_p045_efca2cf1";"stone monument";"tombstone";"limestone";"none";"Late Antiquity";"unknown"
"0-23_p046_e3d25603";"vessel";"bowl";"marble";"owl";"Late Antiquity";"2nd century"
"0-23_p047_d9886b9b";"object";"unknown";"unknown";"none";"unknown";"unknown"
"0-23_p048_18cbe10e";"sculpture";"statue";"marble";"bull";"Late Antiquity";"unknown"
"0-23_p049_dd733e4c";"object";"unknown";"limestone";"none";"Late Antiquity";"unknown"
"0-23_p050_e7d6c043";"object";"unknown";"marble";"none";"Late Antiquity";"unknown"
"0-23_p051_19424dd9";"sculpture";"statue";"stone";"none";"South Arabian antiquity";"unknown"
"0-23_p052_9ff6d97a";"object";"unknown";"marble";"none";"Islamic medieval";"unknown"
"0-23_p053_a6127312";"stone monument";"tombstone";"stone";"none";"unknown";"unknown"
"0-23_p054_c2b635d6";"stone monument";"tombstone";"marble";"none";"Late Antiquity";"1st century"
"0-24_p001_1a027ca7";"stone monument";"tombstone";"marble";"none";"Late Antiquity";"2nd century"
"0-24_p002_877d0284";"stone monument";"tombstone";"stone";"none";"Late Antiquity";"unknown"
"0-24_p003_3f04e8a1";"object";"unknown";"unknown";"none";"unknown";"unknown"
"0-24_p004_65aa4182";"stone monument";"tombstone";"stone";"none";"Islamic medieval";"unknown"
"0-24_p005_e62328cc";"sculpture";"statue";"bronze";"camel";"unknown";"unknown"
"0-24_p006_cd8130f4";"stone monument";"tombstone";"stone";"human";"Late Antiquity";"unknown"
"0-24_p007_0c303a56";"glyptic";"seal";"stone";"human";"Late Antiquity";"2nd century"
"0-24_p008_b3bbc2a1";"stone monument";"tombstone";"stone";"human";"unknown";"unknown"
"0-24_p009_3635c14a";"jewelry";"ring";"silver";"none";"Late Antiquity";"unknown"
"0-24_p010_c5fd48bc";"sculpture";"statue";"unknown";"none";"unknown";"unknown"
"0-24_p011_b3954a01";"object";"unknown";"unknown";"none";"unknown";"unknown"
"0-24_p012_388bee28";"sculpture";"statue";"marble";"lion";"South Arabian antiquity";"unknown"
"0-24_p013_bd7f4318";"sculpture";"statue";"unknown";"camel";"Late Antiquity";"unknown"
"0-24_p014_22603630";"jewelry";"ring";"unknown";"none";"unknown";"unknown"
"0-24_p015_9446b713";"sculpture";"statue";"stone";"none";"Late Antiquity";"unknown"
"0-24_p016_669911fd";"stone monument";"tombstone";"stone";"human";"unknown";"unknown"
"0-24_p017_10fd8e92";"stone monument";"tombstone";"stone";"human";"Late Antiquity";"2nd century"
"0-24_p018_aa9959df";"sculpture";"head";"unknown";"camel";"unknown";"unknown"
"0-24_p019_d9486936";"sculpture";"statue";"unknown";"camel";"unknown";"unknown"
"0-24_p020_61bd4d40";"sculpture";"head";"stone";"bull";"Late Antiquity";"3rd century"
"0-24_p021_cace8ee4";"sculpture";"head";"unknown";"human";"Late Antiquity";"unknown"
"0-24_p022_c1bd03c0";"jewelry";"necklace";"gold";"none";"Late Antiquity";"2nd century"
"0-24_p023_680e3156";"object";"unknown";"unknown";"none";"Late Antiquity";"2nd century"
"0-24_p024_8f908839";"sculpture";"statue";"bronze";"camel";"Late Antiquity";"unknown"
"0-24_p025_eae3fb86";"sculpture";"statue";"unknown";"camel";"Late Antiquity";"unknown"
"0-24_p026_7242eabd";"object";"unknown";"stone";"none";"Islamic medieval";"2nd century"
"0-24_p027_62569c7f";"sculpture";"statue";"bronze";"none";"South Arabian antiquity";"unknown"
"0-24_p028_7045447e";"object";"unknown";"unknown";"none";"unknown";"unknown"
"0-24_p029_3b9d2e88";"glyptic";"seal";"bronze";"none";"Late Antiquity";"2nd century"
"0-24_p030_5553a59c";"sculpture";"head";"unknown";"bull";"unknown";"unknown"
"0-24_p031_10d339c9";"stone monument";"tombstone";"stone";"human";"Late Antiquity";"2nd century"
"0-24_p032_e1528142";"sculpture";"statue";"bronze";"camel";"Late Antiquity";"unknown"
"0-24_p033_3b265ec0";"sculpture";"statue";"stone";"camel";"Late Antiquity";"unknown"
"0-24_p034_c0c24b0b";"vessel";"bowl";"silver";"owl";"unknown";"unknown"
"0-24_p035_b42dbc7c";"sculpture";"statue";"bronze";"camel";"Late Antiquity";"2nd century"
"0-24_p036_509ee257";"object";"unknown";"bronze";"none";"Late Antiquity";"unknown"
"0-24_p037_de0dadd7";"object";"unknown";"unknown";"none";"Late Antiquity";"unknown"
"0-24_p038_b3605768";"stone monument";"tombstone";"stone";"human";"Late Antiquity";"2nd century"
"0-24_p039_04cd5044";"object";"unknown";"marble";"none";"Late Antiquity";"unknown"
"0-24_p040_612db9c5";"stone monument";"tombstone";"stone";"human";"unknown";"unknown"
"0-24_p041_f1e72e01";"object";"unknown";"unknown";"none";"unknown";"unknown"
"0-24_p042_56933adc";"object";"unknown";"unknown";"none";"unknown";"unknown"
"0-24_p043_2b40ba8b";"vessel";"jar";"stone";"none";"unknown";"unknown"
"0-24_p044_5b2e3b39";"stone monument";"tombstone";"marble";"human";"Late Antiquity";"2nd century"
"0-24_p045_18fb45e7";"jewelry";"ring";"bronze";"none";"unknown";"unknown"
"0-24_p046_d4d12b18";"vessel";"bowl";"marble";"owl";"Late Antiquity";"2nd century"
"0-24_p047_e085b1e0";"object";"unknown";"unknown";"none";"unknown";"unknown"
"0-24_p048_b92e64df";"jewelry";"ring";"gold";"none";"Late Antiquity";"2nd century"
"0-24_p049_9baf51f2";"stone monument";"tombstone";"stone";"none";"Late Antiquity";"unknown"
"0-24_p050_b9e7a5eb";"jewelry";"ring";"gold";"none";"Late Antiquity";"5th century"
"0-24_p051_b885c4d2";"stone monument";"tombstone";"stone";"none";"unknown";"unknown"
"0-24_p052_84a39fff";"stone monument";"tombstone";"marble";"none";"Late Antiquity";"2nd century"
"0-24_p053_b4c6b803";"object";"unknown";"unknown";"none";"unknown";"unknown"
"0-24_p054_ea9d626c";"object";"unknown";"unknown";"none";"unknown";"unknown"
"0-24_p055_6dae8273";"object";"unknown";"marble";"none";"Late Antiquity";"unknown"
"0-24_p056_a956c2c3";"stone monument";"tombstone";"stone";"none";"Late Antiquity";"unknown"
"0-24_p057_18ea6ebe";"stone monument";"tombstone";"limestone";"none";"Late Antiquity";"unknown"
"0-24_p058_dd47286f";"stone monument";"tombstone";"marble";"none";"unknown";"unknown"
"0-24_p059_55febfe8";"sculpture";"statue";"unknown";"human";"unknown";"unknown"
"0-24_p060_9e2334b5";"object";"unknown";"silver";"owl";"Late Antiquity";"unknown"
"0-24_p061_2dcf7596";"object";"unknown";"unknown";"owl";"Late Antiquity";"unknown"
"0-24_p062_cdc80fe5";"glyptic";"seal";"unknown";"none";"Late Antiquity";"unknown"
"0-24_p063_2586e3fe";"jewelry";"ring";"unknown";"camel";"unknown";"unknown"
"0-24_p064_c1e512dc";"jewelry";"ring";"unknown";"camel";"unknown";"unknown"
"0-24_p065_54b9f21c";"stone monument";"tombstone";"stone";"none";"Late Antiquity";"2nd century"
"0-24_p066_e688f654";"stone monument";"tombstone";"marble";"none";"unknown";"unknown"
"0-24_p067_4d99a9e2";"sculpture";"statue";"stone";"bull";"unknown";"unknown"
"0-24_p068_66e568c8";"stone monument";"tombstone";"stone";"none";"Late Antiquity";"2nd century"
"0-24_p069_74273256";"object";"unknown";"unknown";"none";"unknown";"unknown"
"0-24_p070_f55335e3";"sculpture";"statue";"unknown";"horse";"unknown";"unknown"
"0-24_p071_7101345d";"sculpture";"statue";"bronze";"human";"Late Antiquity";"unknown"
"0-24_p072_aeb18ab2";"object";"unknown";"unknown";"none";"unknown";"unknown"
"0-24_p073_928811d0";"jewelry";"ring";"bronze";"camel";"Late Antiquity";"unknown"
"0-24_p074_f73ad6df";"stone monument";"tombstone";"stone";"none";"Late Antiquity";"unknown"
"0-24_p075_ea657aa4";"sculpture";"head";"marble";"human";"Late Antiquity";"2nd century"
"0-24_p076_60540fde";"stone monument";"tombstone";"stone";"none";"South Arabian antiquity";"unknown"
"0-24_p077_cb7bc278";"jewelry";"necklace";"gold";"none";"Late Antiquity";"2nd century"
"0-24_p078_7f7d3734";"sculpture";"head";"unknown";"human";"Late Antiquity";"unknown"
"0-24_p079_bae3b2f2";"sculpture";"statue";"bronze";"camel";"Late Antiquity";"unknown"
"0-24_p080_3f6ea7cc";"sculpture";"statue";"bronze";"camel";"unknown";"unknown"
"0-24_p081_95a54da8";"sculpture";"statue";"unknown";"camel";"unknown";"unknown"
"0-24_p082_f4514b05";"inscribed object";"tablet";"unknown";"none";"unknown";"unknown"
"0-24_p083_3170d05f";"vessel";"bowl";"bronze";"owl";"Late Antiquity";"1st century"
"0-24_p084_59d6578f";"object";"unknown";"unknown";"none";"Late Antiquity";"unknown"
"0-25_p001_727222a7";"sculpture";"head";"stone";"none";"unknown";"unknown"
"0-25_p002_ff2d3dda";"jewelry";"ring";"marble";"human";"unknown";"unknown"
"0-25_p003_85c68c3b";"jewelry";"ring";"bronze";"camel";"unknown";"unknown"
"0-25_p004_6c0d0179";"sculpture";"statue";"unknown";"human";"Late Antiquity";"unknown"
"0-25_p005_a9b6090a";"sculpture";"statue";"marble";"human";"Late Antiquity";"unknown"
"0-25_p006_1cdb6eb3";"object";"unknown";"unknown";"none";"unknown";"unknown"
"0-25_p007_1c050a86";"object";"unknown";"bronze";"none";"Late Antiquity";"unknown"
"0-25_p008_44540d03";"stone monument";"tombstone";"marble";"human";"Late Antiquity";"unknown"
"0-25_p009_2f2b0ce4";"vessel";"bowl";"marble";"owl";"Late Antiquity";"unknown"
"0-25_p010_d9c89231";"sculpture";"statue";"marble";"human";"Late Antiquity";"unknown"
"0-25_p011_c592ae55";"object";"unknown";"unknown";"none";"unknown";"unknown"
"0-25_p012_62aa0a39";"stone monument";"tombstone";"limestone";"none";"unknown";"unknown"
"0-25_p013_77e29dc4";"sculpture";"statue";"bronze";"camel";"Late Antiquity";"unknown"
"0-25_p014_eef7c864";"jewelry";"ring";"bronze";"human";"Late Antiquity";"unknown"
"0-25_p015_3fe4479f";"sculpture";"head";"limestone";"none";"Late Antiquity";"unknown"
"0-25_p016_b639c212";"sculpture";"statue";"limestone";"human";"unknown";"unknown"
"0-25_p017_157d5bda";"jewelry";"necklace";"gold";"none";"Late Antiquity";"unknown"
"0-25_p018_6f4b152c";"sculpture";"statue";"limestone";"human";"unknown";"unknown"
"0-25_p019_e4deff7b";"jewelry";"ring";"gold";"none";"unknown";"unknown"
"0-25_p020_e27076bd";"jewelry";"ring";"gold";"none";"Late Antiquity";"unknown"
"0-25_p021_85789d45";"sculpture";"statue";"unknown";"human";"unknown";"unknown"
"0-25_p022_9f1d3fdf";"sculpture";"statue";"marble";"human";"unknown";"unknown"
"0-25_p023_4a745754";"sculpture";"statue";"bronze";"human lion";"Late Antiquity";"unknown"
"0-25_p024_5ce2389f";"object";"unknown";"unknown";"none";"unknown";"unknown"
"0-25_p025_2302ee91";"sculpture";"statue";"unknown";"human";"unknown";"unknown"
"0-25_p026_1fcd326b";"jewelry";"ring";"bronze";"lion";"Late Antiquity";"unknown"
"0-25_p027_b022fb35";"jewelry";"ring";"stone";"human";"Late Antiquity";"unknown"
"0-25_p028_a003fe3c";"sculpture";"statue";"bronze";"camel";"Late Antiquity";"unknown"
"0-25_p029_7a71fcd3";"jewelry";"ring";"bronze";"human";"Late Antiquity";"unknown"
"0-25_p030_6a5dc758";"sculpture";"statue";"bronze";"human";"Late Antiquity";"4th century"
"0-25_p031_d07c367c";"object";"unknown";"unknown";"none";"unknown";"unknown"
"0-25_p032_c737ed55";"object";"unknown";"unknown";"none";"unknown";"unknown"
"0-25_p033_facfb986";"sculpture";"statue";"bronze";"none";"Late Antiquity";"unknown"
"0-25_p034_200fc292";"object";"unknown";"unknown";"none";"unknown";"unknown"
"0-25_p035_2f5db211";"object";"unknown";"silver";"none";"Late Antiquity";"unknown"
"0-25_p036_bea25d9f";"object";"unknown";"marble";"none";"Late Antiquity";"unknown"
"0-25_p037_76bcbec5";"object";"unknown";"unknown";"none";"unknown";"unknown"
"0-25_p038_a303509a";"vessel";"jar";"unknown";"none";"unknown";"unknown"
"0-25_p039_21a0fd74";"object";"unknown";"unknown";"none";"unknown";"unknown"
"0-25_p040_1772345a";"sculpture";"statue";"bronze";"camel";"unknown";"unknown"
"0-25_p041_16bc353c";"sculpture";"statue";"marble";"human";"Late Antiquity";"unknown"
"0-25_p042_a0c5b0df";"object";"unknown";"unknown";"none";"unknown";"unknown"
"0-25_p043_e92bb9bc";"sculpture";"statue";"bronze";"camel";"Late Antiquity";"unknown"
"0-25_p044_1394a6c0";"object";"unknown";"unknown";"none";"unknown";"unknown"
"0-25_p045_eaae26b1";"object";"unknown";"bronze";"lion";"unknown";"unknown"
"0-25_p046_0ea08f6c";"object";"unknown";"unknown";"none";"unknown";"unknown"
"0-25_p047_a4daec26";"object";"unknown";"unknown";"human";"unknown";"unknown"
"0-25_p048_04475953";"object";"unknown";"unknown";"none";"unknown";"unknown"
"0-25_p049_2f28b0e7";"currency";"coin";"unknown";"human owl";"Late Antiquity";"unknown"
"0-25_p050_ee11b378";"currency";"coin";"unknown";"human";"Late Antiquity";"unknown"
"0-25_p051_3acdaa81";"currency";"coin";"unknown";"human";"Late Antiquity";"4th century"
"0-25_p052_3bf323d0";"currency";"coin";"unknown";"human";"Late Antiquity";"4th century"
"0-25_p053_809895ce";"currency";"coin";"unknown";"human";"Late Antiquity";"4th century"
"0-25_p054_975a31dd";"currency";"coin";"unknown";"human";"Late Antiquity";"4th century"
"0-25_p055_7d7995f7";"object";"unknown";"bronze";"lion";"unknown";"unknown"
"0-25_p056_dc2f7b3e";"sculpture";"statue";"unknown";"none";"unknown";"unknown"
"0-25_p057_4b2bc103";"sculpture";"head";"marble";"human";"Late Antiquity";"unknown"
"0-25_p058_9c26a93f";"sculpture";"head";"marble";"human";"unknown";"unknown"
"0-25_p059_4de81847";"object";"unknown";"stone";"human";"Late Antiquity";"unknown"
"0-25_p060_d921748e";"sculpture";"statue";"bronze";"camel";"unknown";"unknown"
"0-25_p061_d7091d94";"jewelry";"ring";"bronze";"none";"Late Antiquity";"unknown"
"0-25_p062_6e84de98";"object";"unknown";"unknown";"none";"unknown";"unknown"
"0-25_p063_c1d108c1";"object";"unknown";"limestone";"human";"Late Antiquity";"unknown"
"0-25_p064_f6ce2f73";"sculpture";"statue";"marble";"human";"unknown";"unknown"
"0-25_p065_816507df";"sculpture";"head";"marble";"human lion";"unknown";"unknown"
"0-25_p066_7c445bf9";"object";"unknown";"gold";"none";"Late Antiquity";"unknown"
"0-25_p067_31aa95b1";"sculpture";"statue";"marble";"human";"unknown";"unknown"
"0-25_p068_2be803ae";"object";"unknown";"unknown";"none";"unknown";"unknown"
"0-25_p069_9ad36b3a";"object";"unknown";"marble";"none";"Late Antiquity";"unknown"
"0-25_p070_8aeba613";"vessel";"bowl";"bronze";"human owl";"Late Antiquity";"2nd century"
"0-25_p071_6a058638";"object";"unknown";"bronze";"none";"Late Antiquity";"unknown"
"0-25_p072_9919924b";"glyptic";"seal";"stone";"none";"Late Antiquity";"unknown"
"0-25_p073_ccc96b0e";"sculpture";"statue";"bronze";"camel";"South Arabian antiquity";"unknown"
"0-25_p074_35a83904";"object";"unknown";"marble";"none";"Late Antiquity";"unknown"
"0-25_p075_ed367d40";"sculpture";"statue";"marble";"human";"unknown";"unknown"
"0-25_p076_f2310d70";"sculpture";"statue";"unknown";"human";"unknown";"unknown"
"0-25_p077_5321dc89";"object";"unknown";"marble";"none";"unknown";"unknown"
"0-25_p078_96776234";"currency";"coin";"silver";"human owl";"Late Antiquity";"unknown"
"0-25_p079_49144713";"object";"unknown";"unknown";"none";"unknown";"unknown"
"0-25_p080_bee8a24e";"sculpture";"statue";"marble";"human";"unknown";"unknown"
"0-25_p081_07788e5d";"object";"unknown";"bronze";"none";"Islamic medieval";"unknown"
"0-25_p082_810269e6";"currency";"coin";"gold";"none";"unknown";"unknown"
"0-25_p083_06963053";"currency";"coin";"gold";"none";"Islamic medieval";"unknown"
"0-25_p084_712079d1";"object";"unknown";"unknown";"none";"unknown";"unknown"
"0-25_p085_f13f7dbe";"object";"unknown";"bronze";"bull";"unknown";"unknown"
"0-25_p086_d1991843";"sculpture";"statue";"marble";"human";"Late Antiquity";"unknown"
"0-25_p087_a80eaa61";"sculpture";"statue";"marble";"horse human";"unknown";"unknown"
"0-25_p088_83fc102a";"sculpture";"statue";"marble";"human";"Late Antiquity";"unknown"
"0-25_p089_96db7973";"sculpture";"statue";"bronze";"human lion";"Late Antiquity";"unknown"
"0-25_p090_98c5db64";"sculpture";"statue";"bronze";"camel";"Late Antiquity";"unknown"
"0-25_p091_798e2234";"object";"unknown";"marble";"human";"Late Antiquity";"unknown"
"0-25_p092_aac8e3f9";"object";"unknown";"unknown";"none";"unknown";"unknown"
"0-25_p093_28b41208";"sculpture";"statue";"marble";"human";"Late Antiquity";"unknown"
"0-25_p094_3329b4f9";"stone monument";"tombstone";"marble";"human";"Late Antiquity";"unknown"
"0-25_p095_9ee6e6c7";"stone monument";"tombstone";"marble";"human";"unknown";"unknown"
"0-25_p096_ca1b4fa3";"sculpture";"statue";"unknown";"human";"unknown";"unknown"
"0-25_p097_d944cef5";"sculpture";"statue";"marble";"human";"Late Antiquity";"unknown"
"0-25_p098_049174ca";"sculpture";"statue";"marble";"human";"Late Antiquity";"unknown"
"0-26_p001_4890a194";"object";"unknown";"unknown";"none";"unknown";"unknown"
"0-26_p001_c637dc98";"object";"unknown";"unknown";"none";"unknown";"unknown"
"0-26_p001_e0dc0d07";"object";"unknown";"unknown";"none";"Late Antiquity";"unknown"
"0-26_p001_ec47e8a1";"object";"unknown";"unknown";"none";"Late Antiquity";"unknown"
"0-26_p002_9e2d521e";"object";"unknown";"unknown";"none";"Late Antiquity";"unknown"
"0-26_p002_b2a8870f";"object";"unknown";"unknown";"none";"unknown";"unknown"
"0-26_p002_e3630590";"object";"unknown";"unknown";"none";"unknown";"unknown"
"0-26_p002_e3cdb25a";"object";"unknown";"unknown";"none";"Late Antiquity";"unknown"
"0-26_p003_11439fe5";"object";"unknown";"unknown";"none";"unknown";"unknown"
"0-26_p003_25bd99fd";"object";"unknown";"unknown";"none";"unknown";"unknown"
"0-26_p003_774db7a1";"object";"unknown";"unknown";"none";"unknown";"unknown"
"0-26_p003_8be1f5b5";"object";"unknown";"unknown";"none";"unknown";"unknown"
"0-26_p004_19ffea81";"object";"unknown";"unknown";"none";"Late Antiquity";"unknown"
"0-26_p004_c368a65c";"object";"unknown";"unknown";"none";"Late Antiquity";"unknown"
"0-26_p004_ce290855";"object";"unknown";"unknown";"none";"unknown";"unknown"
"0-26_p004_d21f5939";"object";"unknown";"unknown";"none";"Late Antiquity";"unknown"
"0-26_p005_048182e0";"object";"unknown";"unknown";"none";"unknown";"unknown"
"0-26_p005_333ded79";"object";"unknown";"unknown";"none";"unknown";"unknown"
"0-26_p005_426c6f34";"object";"unknown";"unknown";"none";"unknown";"unknown"
"0-26_p005_50bb0575";"object";"unknown";"unknown";"none";"unknown";"unknown"
"0-26_p006_0f079e96";"object";"unknown";"unknown";"none";"unknown";"unknown"
"0-26_p006_6a36e614";"object";"unknown";"unknown";"none";"unknown";"unknown"
"0-26_p006_a0f02e39";"object";"unknown";"unknown";"none";"unknown";"unknown"
"0-26_p006_e7e6b5e7";"object";"unknown";"unknown";"none";"unknown";"unknown"
"0-26_p007_1b448d85";"object";"unknown";"unknown";"none";"unknown";"unknown"
"0-26_p007_675b35ba";"object";"unknown";"unknown";"none";"unknown";"unknown"
"0-26_p007_6b0e0812";"object";"unknown";"unknown";"none";"unknown";"unknown"
"0-26_p007_b049e85a";"object";"unknown";"unknown";"none";"unknown";"unknown"
"0-26_p008_332d3090";"object";"unknown";"unknown";"none";"Late Antiquity";"unknown"
"0-26_p008_6cd993d3";"object";"unknown";"unknown";"none";"unknown";"unknown"
"0-26_p008_eb69dd56";"object";"unknown";"unknown";"none";"unknown";"unknown"
"0-26_p008_efef1eea";"object";"unknown";"unknown";"none";"unknown";"unknown"
"0-26_p009_0926ddb8";"object";"unknown";"unknown";"none";"unknown";"unknown"
"0-26_p009_10318bb2";"object";"unknown";"unknown";"none";"unknown";"unknown"
"0-26_p009_6fe87e19";"object";"unknown";"unknown";"none";"unknown";"unknown"
"0-26_p009_b472db7b";"object";"unknown";"unknown";"none";"unknown";"unknown"
"0-26_p010_a052c75e";"object";"unknown";"unknown";"none";"unknown";"unknown"
"0-26_p010_a8bdc6b5";"manuscript";"manuscript";"unknown";"none";"unknown";"unknown"
"0-26_p010_ec6cc67b";"object";"unknown";"unknown";"none";"unknown";"unknown"
"0-26_p010_ed91a19c";"manuscript";"manuscript";"unknown";"none";"unknown";"unknown"
"0-26_p011_005ccdaa";"object";"unknown";"unknown";"none";"unknown";"unknown"
"0-26_p011_4b413908";"manuscript";"manuscript";"unknown";"none";"Late Antiquity";"unknown"
"0-26_p011_5c6d2d8f";"manuscript";"manuscript";"unknown";"none";"Late Antiquity";"unknown"
"0-26_p011_ade75f80";"object";"unknown";"unknown";"none";"unknown";"unknown"
"0-26_p011_cfe25ef1";"object";"unknown";"unknown";"none";"unknown";"unknown"
"0-26_p012_a036cc34";"object";"unknown";"unknown";"none";"unknown";"unknown"
"0-26_p012_d9dbd52c";"manuscript";"manuscript";"unknown";"none";"unknown";"unknown"
"0-26_p012_f4d5b92f";"object";"unknown";"unknown";"none";"unknown";"unknown"
"0-26_p012_ffa53334";"manuscript";"manuscript";"unknown";"none";"unknown";"unknown"
"0-26_p013_000d4ae2";"object";"unknown";"unknown";"none";"unknown";"unknown"
"0-26_p013_a687ef4a";"object";"unknown";"unknown";"none";"unknown";"unknown"
"0-26_p013_a81bf6b6";"object";"unknown";"unknown";"none";"unknown";"unknown"
"0-26_p013_dccddf66";"object";"unknown";"unknown";"none";"unknown";"unknown"
"0-26_p014_20bd2ff6";"object";"unknown";"unknown";"none";"unknown";"unknown"
"0-26_p014_46baded0";"manuscript";"manuscript";"unknown";"none";"unknown";"unknown"
"0-26_p014_a5216144";"object";"unknown";"unknown";"none";"unknown";"unknown"
"0-26_p014_e3649b25";"manuscript";"manuscript";"unknown";"none";"Late Antiquity";"unknown"
"0-26_p015_347dde14";"object";"unknown";"unknown";"none";"unknown";"unknown"
"0-26_p015_53f4d468";"object";"unknown";"unknown";"none";"unknown";"unknown"
"0-26_p015_7d5372f6";"object";"unknown";"unknown";"none";"unknown";"unknown"
"0-26_p015_80aa3513";"manuscript";"manuscript";"unknown";"none";"Late Antiquity";"unknown"
"0-26_p016_704d7b6d";"object";"unknown";"unknown";"none";"unknown";"unknown"
"0-26_p016_9949f4ad";"object";"unknown";"unknown";"none";"unknown";"unknown"
"0-26_p016_9a322d64";"jewelry";"ring";"unknown";"none";"unknown";"unknown"
"0-26_p016_ee8ab8c2";"object";"unknown";"unknown";"none";"unknown";"unknown"
"0-26_p017_1a50a1a8";"object";"unknown";"unknown";"none";"unknown";"unknown"
"0-26_p017_2c2dbe88";"object";"unknown";"unknown";"none";"unknown";"unknown"
"0-26_p017_da083da2";"object";"unknown";"unknown";"none";"unknown";"unknown"
"0-26_p017_e121e6d4";"object";"unknown";"unknown";"none";"unknown";"unknown"
"0-26_p018_00fe185a";"manuscript";"manuscript";"unknown";"none";"Late Antiquity";"unknown"
"0-26_p018_80cc8e04";"object";"unknown";"unknown";"none";"unknown";"unknown"
"0-26_p018_96236d4f";"object";"unknown";"unknown";"none";"unknown";"unknown"
"0-26_p018_dbf29321";"object";"unknown";"unknown";"none";"unknown";"unknown"
"0-26_p019_093e177f";"object";"unknown";"unknown";"none";"unknown";"unknown"
"0-26_p019_0a418913";"manuscript";"manuscript";"unknown";"none";"unknown";"unknown"
"0-26_p019_81d6cbfc";"manuscript";"manuscript";"unknown";"none";"unknown";"unknown"
"0-26_p019_83dac857";"manuscript";"manuscript";"unknown";"none";"unknown";"unknown"
"0-26_p019_fb1827b1";"manuscript";"manuscript";"unknown";"none";"unknown";"unknown"
"0-26_p020_3f3f6779";"object";"unknown";"unknown";"none";"Late Antiquity";"unknown"
"0-26_p020_5e66d1a0";"manuscript";"manuscript";"unknown";"none";"unknown";"unknown"
"0-26_p020_649fc299";"manuscript";"manuscript";"unknown";"none";"unknown";"unknown"
"0-26_p020_79995857";"manuscript";"manuscript";"unknown";"none";"unknown";"unknown"
"0-26_p021_2ab031dc";"manuscript";"manuscript";"unknown";"none";"unknown";"unknown"
"0-26_p021_3f4830a7";"manuscript";"manuscript";"unknown";"none";"unknown";"unknown"
"0-26_p021_775f7c00";"manuscript";"manuscript";"unknown";"none";"unknown";"unknown"
"0-26_p021_af9a1c39";"manuscript";"manuscript";"unknown";"none";"unknown";"unknown"
"0-26_p022_3eb416d4";"manuscript";"manuscript";"unknown";"none";"Late Antiquity";"unknown"
"0-26_p022_9cade44a";"manuscript";"manuscript";"unknown";"none";"unknown";"unknown"
"0-26_p022_ae948e7f";"object";"unknown";"unknown";"none";"unknown";"unknown"
"0-26_p022_b4af1c04";"manuscript";"manuscript";"unknown";"none";"unknown";"unknown"
"0-26_p023_5cbe7554";"object";"unknown";"unknown";"none";"unknown";"unknown"
"0-26_p023_5dbba9a5";"manuscript";"manuscript";"unknown";"none";"unknown";"unknown"
"0-26_p023_c1e87eb7";"object";"unknown";"unknown";"none";"Late Antiquity";"unknown"
"0-26_p023_c5b3c178";"manuscript";"manuscript";"unknown";"none";"Islamic medieval";"unknown"
"0-26_p024_0764fbfe";"object";"unknown";"unknown";"none";"unknown";"unknown"
"0-26_p024_39fe41c6";"manuscript";"manuscript";"gold";"none";"Late Antiquity";"unknown"
"0-26_p024_ef0c8a55";"jewelry";"ring";"unknown";"none";"Islamic medieval";"unknown"
"0-26_p025_ba94eec1";"object";"unknown";"gold";"none";"Late Antiquity";"unknown"
"0-26_p025_dda8676d";"jewelry";"ring";"gold";"none";"unknown";"unknown"
"0-26_p025_e4b77f47";"object";"unknown";"unknown";"none";"unknown";"unknown"
"0-26_p026_0bd7aa3a";"jewelry";"ring";"gold";"none";"Late Antiquity";"unknown"
"0-26_p026_3e7b7471";"object";"unknown";"unknown";"none";"unknown";"unknown"
"0-26_p026_abf1615f";"object";"unknown";"unknown";"none";"unknown";"unknown"
"0-26_p026_f925960d";"object";"unknown";"gold";"none";"Late Antiquity";"unknown"
"0-26_p027_168dd549";"object";"unknown";"unknown";"none";"unknown";"unknown"
"0-26_p027_9c19fd87";"object";"unknown";"gold";"none";"unknown";"unknown"
"0-26_p027_b8f1beb0";"object";"unknown";"unknown";"none";"unknown";"unknown"
"0-26_p027_d81f0040";"object";"unknown";"unknown";"none";"unknown";"unknown"
"0-26_p028_004bd4a8";"object";"unknown";"gold";"none";"Islamic medieval";"unknown"
"0-26_p028_6ab02080";"object";"unknown";"gold";"none";"unknown";"unknown"
"0-26_p028_d15b8366";"object";"unknown";"unknown";"none";"unknown";"unknown"
"0-26_p029_225dc2c2";"object";"unknown";"gold";"none";"Late Antiquity";"unknown"
"0-26_p029_68d4b932";"object";"unknown";"unknown";"none";"Late Antiquity";"unknown"
"0-26_p029_bbd1828c";"object";"unknown";"unknown";"none";"unknown";"unknown"
"0-26_p029_c595a6fe";"object";"unknown";"gold";"none";"Late Antiquity";"unknown"
"0-26_p030_018a8d7c";"object";"unknown";"gold";"none";"Late Antiquity";"unknown"
"0-26_p030_ac8a95c1";"object";"unknown";"gold";"none";"Late Antiquity";"unknown"
"0-26_p030_bde0039e";"object";"unknown";"gold";"none";"Late Antiquity";"unknown"
"0-26_p030_e5e782de";"object";"unknown";"silver";"none";"unknown";"unknown"
"0-26_p030_ffb166c2";"object";"unknown";"gold";"none";"unknown";"unknown"
"0-26_p031_542b8727";"jewelry";"ring";"gold";"none";"Late Antiquity";"unknown"
"0-26_p031_787561cc";"sculpture";"head";"gold";"none";"Late Antiquity";"unknown"
"0-26_p031_e2cd1468";"jewelry";"ring";"gold";"none";"Late Antiquity";"unknown"
"0-26_p032_1815064a";"object";"unknown";"unknown";"none";"unknown";"unknown"
"0-26_p032_987e86ef";"sculpture";"head";"wood";"none";"Late Antiquity";"unknown"
"0-26_p032_ccc99755";"object";"unknown";"unknown";"none";"Late Antiquity";"unknown"
"0-26_p033_366bb923";"jewelry";"ring";"gold";"none";"Late Antiquity";"unknown"
"0-26_p033_4b3e2f12";"object";"unknown";"wood";"none";"Late Antiquity";"unknown"
"0-26_p033_b16841f7";"sculpture";"statue";"bronze";"none";"Islamic medieval";"unknown"
"0-26_p034_462b2e11";"sculpture";"head";"unknown";"none";"Late Antiquity";"unknown"
"0-26_p034_624d0b96";"weapon";"sword";"unknown";"horse human deer";"Islamic medieval";"unknown"
"0-26_p034_912c9dbc";"glyptic";"seal";"unknown";"none";"Islamic medieval";"unknown"
"0-26_p034_dfdbb1d8";"object";"unknown";"silver";"none";"Islamic medieval";"unknown"
"0-26_p035_0dec346c";"object";"unknown";"unknown";"none";"unknown";"unknown"
"0-26_p035_11e70e8c";"object";"unknown";"unknown";"none";"unknown";"unknown"
"0-26_p035_1b3c48fd";"vessel";"vase";"unknown";"none";"Late Antiquity";"unknown"
"0-26_p035_b58cd17b";"jewelry";"ring";"unknown";"none";"Late Antiquity";"unknown"
"0-26_p036_48564180";"object";"unknown";"unknown";"none";"unknown";"unknown"
"0-26_p036_a5824b18";"object";"unknown";"unknown";"none";"unknown";"unknown"
"0-26_p036_eaba98cb";"vessel";"bowl";"gold";"owl";"unknown";"unknown"
"0-26_p036_f51e34af";"vessel";"vase";"silver";"none";"unknown";"unknown"
"0-26_p037_63221d3e";"object";"unknown";"bronze";"none";"Late Antiquity";"unknown"
"0-26_p037_b59ebb84";"vessel";"jar";"unknown";"none";"unknown";"unknown"
"0-26_p037_f89010b0";"object";"unknown";"unknown";"none";"Late Antiquity";"unknown"
"0-26_p038_4d4bf863";"vessel";"bowl";"unknown";"owl";"Late Antiquity";"unknown"
"0-26_p038_7c11bdf7";"sculpture";"statue";"gold";"none";"Late Antiquity";"unknown"
"0-26_p038_b3b7292f";"object";"unknown";"gold";"none";"unknown";"unknown"
"0-26_p038_e46407ce";"object";"unknown";"gold";"none";"Late Antiquity";"unknown"
"0-26_p039_0cc660cf";"object";"unknown";"unknown";"none";"Islamic medieval";"unknown"
"0-26_p039_82c5b28d";"object";"unknown";"gold";"owl";"Late Antiquity";"unknown"
"0-26_p039_982af92b";"sculpture";"statue";"gold";"owl";"Late Antiquity";"unknown"
"0-26_p039_9c6a8177";"sculpture";"head";"bronze";"owl";"Late Antiquity";"unknown"
"0-26_p040_b5fbb554";"object";"unknown";"gold";"lion";"Late Antiquity";"unknown"
"0-26_p040_ca44b103";"object";"unknown";"unknown";"none";"unknown";"unknown"
"0-27_p001_a372dbeb";"object";"unknown";"unknown";"none";"unknown";"unknown"
"0-27_p001_ae3c3206";"object";"unknown";"unknown";"none";"unknown";"unknown"
"0-27_p002_4744b7df";"jewelry";"ring";"bronze";"human";"Late Antiquity";"unknown"
"0-27_p002_e74b2fa9";"sculpture";"statue";"marble";"none";"Late Antiquity";"unknown"
"0-27_p003_c30f35ac";"object";"unknown";"unknown";"none";"unknown";"unknown"
"0-27_p003_e0970334";"sculpture";"statue";"unknown";"none";"unknown";"unknown"
"0-27_p004_19eaad93";"object";"unknown";"unknown";"none";"unknown";"unknown"
"0-27_p004_58186c9b";"object";"unknown";"unknown";"none";"unknown";"unknown"
"0-27_p005_51eafa0f";"object";"unknown";"silver";"human";"Islamic medieval";"unknown"
"0-27_p005_db54fdcc";"jewelry";"ring";"bronze";"human";"Late Antiquity";"unknown"
"0-27_p006_37e55aac";"vessel";"bowl";"unknown";"bull owl";"Islamic medieval";"unknown"
"0-27_p006_e13f12d7";"jewelry";"ring";"unknown";"lion";"Late Antiquity";"unknown"
"0-27_p007_0be764a8";"object";"unknown";"bronze";"none";"Islamic medieval";"unknown"
"0-27_p007_d7f0b86a";"sculpture";"statue";"unknown";"human";"unknown";"unknown"
"0-27_p008_2b0404eb";"sculpture";"statue";"limestone";"human";"Islamic medieval";"unknown"
"0-27_p008_55ba901f";"sculpture";"head";"limestone";"none";"Islamic medieval";"unknown"
"0-27_p009_a04541e3";"sculpture";"statue";"wood";"none";"unknown";"unknown"
"0-27_p009_e2d17687";"sculpture";"head";"marble";"bull";"Islamic medieval";"unknown"
"0-27_p010_4fcb47d1";"sculpture";"statue";"limestone";"human";"unknown";"unknown"
"0-27_p010_d349215f";"jewelry";"necklace";"gold";"bull";"Late Antiquity";"unknown"
"0-27_p011_10999c49";"object";"unknown";"unknown";"none";"unknown";"unknown"
"0-27_p011_3c96aeb0";"object";"unknown";"unknown";"none";"unknown";"unknown"
"0-27_p012_064e60ba";"inscribed object";"tablet";"bronze";"none";"Islamic medieval";"unknown"
"0-27_p012_9307d3e7";"sculpture";"statue";"bronze";"human";"unknown";"unknown"
"0-27_p013_5569687b";"stone monument";"tombstone";"limestone";"human";"Late Antiquity";"unknown"
"0-27_p013_93d2983e";"object";"unknown";"unknown";"none";"unknown";"unknown"
"0-27_p014_77286d5c";"glyptic";"seal";"unknown";"none";"Islamic medieval";"unknown"
"0-27_p014_f6b0815e";"object";"unknown";"bronze";"none";"unknown";"unknown"
"0-27_p015_71423dff";"sculpture";"statue";"limestone";"human";"Islamic medieval";"unknown"
"0-27_p015_c44722ed";"sculpture";"statue";"unknown";"bull owl";"Islamic medieval";"unknown"
"0-27_p016_cd35f9bf";"sculpture";"statue";"limestone";"human";"Late Antiquity";"unknown"
"0-27_p016_cdf3e3c1";"sculpture";"statue";"unknown";"none";"unknown";"unknown"
"0-27_p017_6589c853";"sculpture";"statue";"unknown";"camel human";"Late Antiquity";"unknown"
"0-27_p017_8d2c2bc8";"jewelry";"ring";"gold";"none";"Islamic medieval";"unknown"
"0-27_p018_17eab0ad";"jewelry";"ring";"gold";"lion";"Islamic medieval";"unknown"
"0-27_p018_4b75eb3f";"jewelry";"ring";"gold";"none";"Islamic medieval";"unknown"
"0-27_p019_91eb6ef8";"jewelry";"necklace";"gold";"none";"Islamic medieval";"unknown"
"0-27_p019_aeb35159";"sculpture";"head";"gold";"none";"Late Antiquity";"unknown"
"0-27_p020_1d7e03ef";"object";"unknown";"gold";"deer";"Islamic medieval";"unknown"
"0-27_p020_f496e530";"jewelry";"ring";"limestone";"camel";"unknown";"unknown"
"0-27_p021_27fbc509";"sculpture";"statue";"bronze";"male";"unknown";"unknown"
"0-27_p021_8f9b970c";"vessel";"bowl";"silver";"owl";"unknown";"unknown"
"0-27_p022_77352742";"sculpture";"statue";"bronze";"human";"unknown";"unknown"
"0-27_p022_77c4c0c3";"stone monument";"tombstone";"limestone";"human";"Late Antiquity";"unknown"
"0-27_p023_8acec1fa";"jewelry";"ring";"gold";"none";"Islamic medieval";"unknown"
"0-27_p023_f3c1d9ac";"object";"unknown";"bronze";"none";"Islamic medieval";"unknown"
"0-28_p001_aeebab61";"object";"unknown";"unknown";"none";"unknown";"unknown"
"0-28_p002_c27fb803";"object";"unknown";"unknown";"none";"unknown";"unknown"
"0-28_p003_78e2c05b";"object";"unknown";"bronze";"none";"Late Antiquity";"unknown"
"0-28_p004_558dd6e7";"object";"unknown";"unknown";"none";"Late Antiquity";"unknown"
"0-28_p005_0ecce4f0";"sculpture";"statue";"bronze";"none";"Late Antiquity";"unknown"
"0-28_p006_b6ac7e93";"object";"unknown";"unknown";"none";"unknown";"unknown"
"0-28_p007_7f5ed1e5";"object";"unknown";"stone";"none";"unknown";"unknown"
"0-28_p008_fefb8c59";"sculpture";"head";"limestone";"bull";"unknown";"unknown"
"0-28_p009_d94e3f6b";"stone monument";"tombstone";"limestone";"none";"Late Antiquity";"unknown"
"0-28_p010_29618710";"sculpture";"head";"marble";"bull";"unknown";"unknown"
"0-28_p011_41cdbb52";"object";"unknown";"marble";"none";"Late Antiquity";"1st century"
"0-28_p012_b3929ea9";"object";"unknown";"stone";"none";"unknown";"unknown"
"0-28_p013_e319240e";"object";"unknown";"marble";"none";"Late Antiquity";"6th century"
"0-28_p014_9cb4bd60";"object";"unknown";"stone";"none";"Late Antiquity";"6th century"
"0-28_p015_b3fce614";"object";"unknown";"limestone";"none";"Late Antiquity";"2nd century"
"0-28_p016_ad4f06b4";"stone monument";"tombstone";"stone";"none";"unknown";"unknown"
"0-28_p017_858a7c97";"sculpture";"statue";"unknown";"none";"unknown";"unknown"
"0-28_p018_d4b589f5";"stone monument";"tombstone";"marble";"human";"Late Antiquity";"unknown"
"0-28_p019_9b221f0b";"sculpture";"head";"limestone";"none";"Late Antiquity";"unknown"
"0-28_p020_c57aa05d";"object";"unknown";"stone";"none";"Late Antiquity";"unknown"
"0-28_p021_0c783b35";"object";"unknown";"unknown";"none";"unknown";"unknown"
"0-28_p022_99257637";"jewelry";"ring";"stone";"none";"Late Antiquity";"unknown"
"0-28_p023_104b6c2c";"sculpture";"head";"marble";"lion";"unknown";"unknown"
"0-28_p024_f072e75e";"sculpture";"statue";"unknown";"none";"unknown";"unknown"
"0-28_p025_534a771f";"sculpture";"head";"stone";"human";"Late Antiquity";"5th century"
"0-28_p026_000f38f3";"object";"unknown";"unknown";"none";"Late Antiquity";"unknown"
"0-28_p027_49196eb4";"object";"unknown";"marble";"none";"unknown";"unknown"
"0-28_p028_76ccf6a0";"sculpture";"statue";"bronze";"horse";"unknown";"unknown"
"0-28_p029_e567a978";"stone monument";"tombstone";"marble";"human";"Late Antiquity";"unknown"
"0-28_p030_c03ab137";"sculpture";"statue";"marble";"none";"South Arabian antiquity";"3rd century"
"0-28_p031_19978641";"stone monument";"tombstone";"marble";"human";"Late Antiquity";"unknown"
"0-3_p001_42fde02a";"sculpture";"head";"bronze";"bull";"unknown";"unknown"
"0-3_p001_618d8aa0";"object";"unknown";"bronze";"human";"unknown";"unknown"
"0-3_p001_a0a4574c";"jewelry";"ring";"bronze";"none";"Late Antiquity";"unknown"
"0-3_p002_1a5f1c12";"sculpture";"head";"gold";"none";"Late Antiquity";"unknown"
"0-3_p002_915f506a";"object";"unknown";"gold";"human";"Islamic medieval";"unknown"
"0-3_p002_d12a04b2";"object";"unknown";"gold";"none";"Late Antiquity";"unknown"
"0-3_p003_38bfbdc5";"object";"unknown";"gold";"none";"Late Antiquity";"unknown"
"0-3_p003_848be7f7";"jewelry";"ring";"unknown";"lion";"unknown";"unknown"
"0-3_p003_cf5bca02";"jewelry";"ring";"gold";"none";"Late Antiquity";"unknown"
"0-3_p004_5116fbcb";"object";"unknown";"gold";"none";"Late Antiquity";"unknown"
"0-3_p004_5ef6ffd7";"jewelry";"necklace";"gold";"none";"Late Antiquity";"unknown"
"0-3_p004_6795d5f6";"object";"unknown";"gold";"none";"Late Antiquity";"unknown"
"0-3_p005_7bdae03b";"object";"unknown";"gold";"none";"Late Antiquity";"unknown"
"0-3_p005_e007b801";"object";"unknown";"gold";"none";"Late Antiquity";"unknown"
"0-3_p005_ffacbcbf";"object";"unknown";"gold";"none";"Late Antiquity";"unknown"
"0-3_p006_1e6f005d";"jewelry";"ring";"gold";"none";"Islamic medieval";"unknown"
"0-3_p006_6776a924";"object";"unknown";"gold";"none";"Islamic medieval";"unknown"
"0-3_p006_c0a37d7a";"object";"unknown";"gold";"none";"Islamic medieval";"unknown"
"0-3_p007_27e6fe0d";"object";"unknown";"gold";"none";"unknown";"unknown"
"0-3_p007_90f51d13";"object";"unknown";"unknown";"none";"unknown";"unknown"
"0-30_p002_4065828c";"sculpture";"statue";"marble";"human";"Late Antiquity";"unknown"
"0-30_p003_2e0f1399";"sculpture";"statue";"marble";"human";"Late Antiquity";"unknown"
"0-30_p004_e96b4190";"sculpture";"statue";"stone";"human";"Late Antiquity";"unknown"
"0-30_p005_10baea5a";"sculpture";"statue";"marble";"human";"Late Antiquity";"unknown"
"0-30_p006_6686f187";"sculpture";"statue";"marble";"human";"Late Antiquity";"3rd century"
"0-30_p007_f4603e0c";"sculpture";"statue";"stone";"human";"Late Antiquity";"unknown"
"0-30_p008_6098ac5e";"sculpture";"statue";"stone";"human";"Late Antiquity";"3rd century"
"0-30_p009_8f0c48a1";"sculpture";"statue";"stone";"human";"Late Antiquity";"unknown"
"0-30_p010_82b6e20a";"sculpture";"statue";"marble";"human";"Late Antiquity";"unknown"
"0-30_p011_2fc817ec";"sculpture";"statue";"marble";"human";"Late Antiquity";"unknown"
"0-30_p012_4aa6b43c";"sculpture";"statue";"bronze";"human";"Late Antiquity";"6th century"
"0-30_p013_d3799f39";"sculpture";"statue";"bronze";"human";"Late Antiquity";"unknown"
"0-30_p014_9bc22dd3";"object";"unknown";"bronze";"none";"Late Antiquity";"unknown"
"0-30_p015_0355db58";"glyptic";"seal";"unknown";"none";"Late Antiquity";"unknown"
"0-30_p016_52fdfd6f";"glyptic";"seal";"unknown";"none";"Islamic medieval";"5th century"
"0-30_p017_6c61750c";"stone monument";"tombstone";"stone";"none";"Late Antiquity";"2nd century"
"0-30_p018_880a3521";"object";"unknown";"unknown";"none";"unknown";"unknown"
"0-30_p019_bfd02ae9";"sculpture";"statue";"marble";"none";"Late Antiquity";"unknown"
"0-30_p020_5b4e7eb9";"sculpture";"statue";"bronze";"none";"unknown";"unknown"
"0-30_p021_65971c7e";"sculpture";"statue";"bronze";"none";"Late Antiquity";"5th century"
"0-30_p022_151bed79";"object";"unknown";"marble";"none";"Late Antiquity";"3rd century"
"0-30_p023_ed1e9a07";"sculpture";"head";"marble";"none";"Islamic medieval";"unknown"
"0-30_p024_e5663af0";"object";"unknown";"marble";"none";"Late Antiquity";"2nd century"
"0-30_p025_442127da";"object";"unknown";"marble";"none";"Late Antiquity";"2nd century"
"0-30_p026_bffdbce6";"object";"unknown";"marble";"none";"Late Antiquity";"unknown"
"0-30_p027_144a55e3";"object";"unknown";"marble";"none";"Late Antiquity";"5th century"
"0-4_p001_27d081fd";"jewelry";"ring";"gold";"owl";"Late Antiquity";"unknown"
"0-4_p001_4436bf38";"jewelry";"ring";"bronze";"none";"Late Antiquity";"unknown"
"0-4_p002_06d55388";"object";"unknown";"bronze";"none";"unknown";"unknown"
"0-4_p002_25e64c16";"sculpture";"statue";"bronze";"none";"Late Antiquity";"unknown"
"0-4_p003_16facb8e";"sculpture";"statue";"marble";"lion";"Late Antiquity";"unknown"
"0-4_p003_54637cdc";"sculpture";"statue";"bronze";"none";"unknown";"unknown"
"0-4_p004_16ec014b";"sculpture";"statue";"stone";"none";"Late Antiquity";"unknown"
"0-4_p004_44b0f2d6";"sculpture";"statue";"marble";"none";"unknown";"unknown"
"0-4_p005_65368b4e";"sculpture";"statue";"limestone";"none";"unknown";"unknown"
"0-4_p005_84a0ac5e";"stone monument";"tombstone";"marble";"none";"Late Antiquity";"unknown"
"0-4_p006_c70aabec";"sculpture";"statue";"marble";"none";"unknown";"unknown"
"0-4_p006_e4581251";"object";"unknown";"unknown";"none";"unknown";"unknown"
"0-4_p007_132cc91e";"object";"unknown";"unknown";"none";"unknown";"unknown"
"0-4_p007_94931a8a";"stone monument";"tombstone";"stone";"none";"Late Antiquity";"unknown"
"0-4_p008_9905cdb4";"stone monument";"tombstone";"limestone";"none";"Late Antiquity";"unknown"
"0-4_p008_edea912b";"sculpture";"statue";"stone";"none";"unknown";"unknown"
"0-4_p009_6c2e0f24";"sculpture";"statue";"bronze";"human";"unknown";"unknown"
"0-4_p009_90e33534";"sculpture";"head";"marble";"none";"unknown";"unknown"
"0-4_p010_469326ea";"object";"unknown";"stone";"none";"unknown";"unknown"
"0-4_p010_a7693691";"stone monument";"tombstone";"stone";"human";"Late Antiquity";"unknown"
"0-4_p011_1d3c0b89";"object";"unknown";"stone";"none";"unknown";"unknown"
"0-4_p011_cca5589b";"sculpture";"statue";"limestone";"human owl";"Late Antiquity";"unknown"
"0-5_p001_6d116178";"sculpture";"statue";"bronze";"none";"Late Antiquity";"unknown"
"0-5_p001_9cc546a5";"stone monument";"tombstone";"marble";"none";"Late Antiquity";"unknown"
"0-5_p002_883e543c";"stone monument";"tombstone";"marble";"none";"unknown";"unknown"
"0-5_p002_ff306543";"sculpture";"statue";"stone";"human";"Late Antiquity";"unknown"
"0-5_p003_0a6629b7";"sculpture";"statue";"bronze";"none";"Late Antiquity";"unknown"
"0-5_p003_5f667732";"stone monument";"tombstone";"marble";"none";"Late Antiquity";"unknown"
"0-5_p004_a120f029";"object";"unknown";"stone";"none";"Islamic medieval";"2nd century"
"0-5_p004_b5ff189c";"sculpture";"statue";"stone";"none";"Late Antiquity";"unknown"
"0-5_p005_882c4e9e";"inscribed object";"plaque";"marble";"none";"unknown";"unknown"
"0-5_p005_a2429582";"sculpture";"statue";"marble";"none";"Late Antiquity";"unknown"
"0-5_p006_818e1ef4";"stone monument";"tombstone";"marble";"none";"Late Antiquity";"unknown"
"0-5_p006_95a38b81";"sculpture";"statue";"stone";"none";"Late Antiquity";"5th century"
"0-5_p007_712e95bc";"stone monument";"tombstone";"stone";"none";"Late Antiquity";"unknown"
"0-5_p007_764a5e88";"object";"unknown";"bronze";"none";"Late Antiquity";"4th century"
"0-5_p008_3ad06fef";"stone monument";"tombstone";"marble";"none";"Late Antiquity";"unknown"
"0-5_p008_678e2b28";"sculpture";"statue";"bronze";"none";"Late Antiquity";"2nd century"
"0-5_p009_16162ad0";"jewelry";"ring";"unknown";"none";"Late Antiquity";"unknown"
"0-5_p009_e7a20612";"sculpture";"head";"silver";"none";"unknown";"unknown"
"0-7_p001_5960eb81";"sculpture";"statue";"bronze";"none";"Late Antiquity";"1st century"
"0-7_p002_6cd79c3e";"sculpture";"bust";"bronze";"none";"Late Antiquity";"unknown"
"0-7_p003_ba0a0c53";"sculpture";"statue";"unknown";"none";"South Arabian antiquity";"unknown"
"0-7_p004_d9ae2b59";"stone monument";"tombstone";"stone";"none";"unknown";"unknown"
"0-7_p005_52354a90";"stone monument";"tombstone";"stone";"none";"Late Antiquity";"unknown"
"0-7_p006_bf9a00d0";"stone monument";"tombstone";"stone";"none";"South Arabian antiquity";"unknown"
"0-8_p001_c66e5369";"glyptic";"seal";"marble";"none";"unknown";"unknown"
"0-8_p001_f26b683a";"object";"unknown";"marble";"none";"unknown";"unknown"
"0-8_p002_21b4a2f4";"sculpture";"bust";"marble";"horse";"Islamic medieval";"unknown"
"0-8_p002_d50419cd";"sculpture";"head";"marble";"horse";"Late Antiquity";"unknown"
"0-8_p003_ab91b3f9";"sculpture";"statue";"marble";"none";"unknown";"unknown"
"0-8_p003_b920758d";"object";"unknown";"marble";"none";"Late Antiquity";"unknown"
"0-8_p004_22f2ebb8";"sculpture";"head";"limestone";"bull";"unknown";"unknown"
"0-8_p004_a5213781";"sculpture";"head";"limestone";"bull";"unknown";"unknown"
"0-8_p005_595f2a14";"vessel";"jar";"unknown";"none";"unknown";"unknown"
"0-8_p005_af87fa57";"vessel";"jar";"unknown";"none";"unknown";"unknown"
"0-8_p006_4489d350";"vessel";"jar";"unknown";"none";"Late Antiquity";"unknown"
"0-8_p006_5da4b07c";"currency";"coin";"bronze";"none";"Late Antiquity";"unknown"
"0-8_p007_d7a4f994";"vessel";"jar";"unknown";"none";"Late Antiquity";"unknown"
"0-8_p007_ebb4f66a";"sculpture";"head";"bronze";"none";"Late Antiquity";"unknown"
"0-8_p008_47b84634";"sculpture";"statue";"bronze";"camel";"unknown";"unknown"
"0-8_p008_cb3b3ec1";"object";"unknown";"unknown";"horse";"unknown";"unknown"
"0-8_p009_9773bdb5";"sculpture";"statue";"bronze";"none";"Late Antiquity";"unknown"
"0-8_p009_e85e45d3";"object";"unknown";"bronze";"none";"Late Antiquity";"unknown"
"0-8_p010_15f753a9";"sculpture";"statue";"limestone";"none";"Late Antiquity";"unknown"
"0-8_p010_47ec90dd";"sculpture";"statue";"limestone";"none";"Late Antiquity";"unknown"
"0-8_p011_5dd9ad01";"object";"unknown";"stone";"none";"unknown";"unknown"
"0-8_p011_63c33d25";"object";"unknown";"limestone";"none";"unknown";"unknown"
"0-8_p012_32815a90";"object";"unknown";"limestone";"none";"Late Antiquity";"unknown"
"0-8_p012_6348a919";"object";"unknown";"marble";"none";"Late Antiquity";"unknown"
"0-8_p013_239ba7f4";"jewelry";"ring";"unknown";"bull";"Late Antiquity";"unknown"
"0-8_p013_ea5861da";"sculpture";"head";"unknown";"human";"unknown";"unknown"
"0-8_p014_b5f5edbd";"object";"unknown";"stone";"none";"unknown";"unknown"
"0-8_p016_e00868fe";"object";"unknown";"unknown";"none";"unknown";"unknown"
"0-8_p017_3ff6c135";"currency";"coin";"unknown";"none";"unknown";"unknown"
"0-9_p001_426eae9f";"object";"unknown";"bronze";"none";"Late Antiquity";"unknown"
"0-9_p001_a3e073a0";"object";"unknown";"bronze";"none";"Late Antiquity";"unknown"
"0-9_p002_1a892f4a";"jewelry";"ring";"gold";"none";"unknown";"unknown"
"0-9_p002_32ccef48";"jewelry";"ring";"gold";"none";"unknown";"unknown"
"0-9_p003_7360d6cf";"glyptic";"bead";"gold";"none";"Late Antiquity";"unknown"
"0-9_p003_fb71cc63";"jewelry";"ring";"gold";"none";"unknown";"unknown"
"0-9_p004_02c9ca21";"jewelry";"ring";"gold";"none";"unknown";"unknown"
"0-9_p004_fd688375";"glyptic";"bead";"gold";"none";"Late Antiquity";"unknown"
"0-9_p005_51a53a6b";"jewelry";"ring";"gold";"none";"unknown";"unknown"
"0-9_p005_fb0d1448";"jewelry";"ring";"gold";"none";"unknown";"unknown"
"0-9_p006_483eb7fe";"jewelry";"ring";"bronze";"none";"unknown";"unknown"
"0-9_p006_7a819acb";"object";"unknown";"bronze";"none";"Late Antiquity";"unknown"
"0-9_p007_06558941";"object";"unknown";"bronze";"none";"unknown";"unknown"
"0-9_p007_4b54bb4a";"jewelry";"ring";"bronze";"none";"unknown";"unknown"
"0-9_p008_30c45bc3";"object";"unknown";"bronze";"none";"Late Antiquity";"unknown"
"0-9_p008_583d33bc";"object";"unknown";"unknown";"none";"unknown";"unknown"
"0-9_p009_11c0ac9f";"glyptic";"bead";"unknown";"none";"Late Antiquity";"unknown"
"0-9_p009_5cc5fc88";"sculpture";"head";"iron";"none";"Late Antiquity";"unknown"
"0-9_p010_68bae26f";"sculpture";"head";"iron";"none";"Late Antiquity";"unknown"
"0-9_p010_e5fd7abc";"jewelry";"ring";"bronze";"none";"unknown";"unknown"
"0-9_p011_4d1f1a8f";"sculpture";"head";"iron";"none";"Late Antiquity";"unknown"
"0-9_p011_83261db9";"glyptic";"bead";"gold";"none";"Late Antiquity";"unknown"
"0-9_p012_64dfc70d";"jewelry";"ring";"bronze";"none";"unknown";"unknown"
"0-9_p012_b9dbf563";"jewelry";"ring";"bronze";"none";"unknown";"unknown"
"29- _29_p003_7f5011d0";"sculpture";"statue";"marble";"human";"Late Antiquity";"unknown"
"29- _29_p004_f3bf4a40";"sculpture";"statue";"marble";"human";"Late Antiquity";"unknown"
"29- _29_p005_171b8706";"sculpture";"statue";"marble";"none";"Late Antiquity";"unknown"
"29- _29_p006_2e10c7f8";"sculpture";"statue";"marble";"human";"Late Antiquity";"unknown"
"29- _29_p007_7e7caaac";"sculpture";"statue";"marble";"none";"Late Antiquity";"unknown"
"29- _29_p008_6b7b1d5f";"sculpture";"statue";"marble";"human";"Late Antiquity";"unknown"
"29- _29_p009_7271241b";"sculpture";"statue";"marble";"none";"Late Antiquity";"unknown"
"29- _29_p010_5be255e9";"stone monument";"tombstone";"stone";"none";"Late Antiquity";"unknown"
"29- _29_p012_3be85bfa";"sculpture";"statue";"marble";"human";"unknown";"unknown"
"29- _29_p013_e21403b0";"sculpture";"statue";"marble";"none";"unknown";"unknown"
"29- _29_p014_03a46bae";"sculpture";"statue";"marble";"human";"unknown";"unknown"
"29- _29_p015_8511d000";"sculpture";"statue";"bronze";"human";"unknown";"unknown"
"29- _29_p016_af3517aa";"sculpture";"statue";"marble";"human";"unknown";"unknown"
"29- _29_p017_5070c34b";"object";"unknown";"stone";"none";"Late Antiquity";"unknown"
"29- _29_p018_bc655a8e";"sculpture";"statue";"bronze";"none";"unknown";"unknown"
"29- _29_p019_5186eca2";"sculpture";"statue";"bronze";"none";"unknown";"unknown"
"29- _29_p021_11b31839";"sculpture";"statue";"bronze";"human";"Late Antiquity";"unknown"
"29- _29_p022_5128b977";"sculpture";"statue";"bronze";"none";"Late Antiquity";"unknown"
"29- _29_p023_417226e7";"sculpture";"statue";"bronze";"human";"Late Antiquity";"unknown"
"29- _29_p024_96923150";"sculpture";"statue";"bronze";"human";"Late Antiquity";"6th century"
"29- _29_p025_1c7b209e";"sculpture";"statue";"unknown";"human";"Late Antiquity";"3rd century"
"29- _29_p026_d4272109";"sculpture";"statue";"bronze";"human";"unknown";"unknown"
"29- _29_p027_acade4bb";"object";"unknown";"stone";"none";"Late Antiquity";"7th century"
"29- _29_p028_97e3f1dd";"stone monument";"tombstone";"stone";"none";"Late Antiquity";"7th century"
"29- _29_p029_83c37754";"sculpture";"statue";"marble";"human";"unknown";"unknown"
"29- _29_p030_a7089222";"stone monument";"tombstone";"stone";"none";"Late Antiquity";"unknown"
"29- _29_p031_32325489";"sculpture";"statue";"marble";"human";"Late Antiquity";"3rd century"
"29- _29_p032_175179e5";"sculpture";"statue";"marble";"human";"Late Antiquity";"unknown"
"29- _29_p033_13ec0b2f";"object";"unknown";"stone";"none";"Late Antiquity";"unknown"
"29- _29_p034_ba3c4f1a";"object";"unknown";"stone";"none";"Islamic medieval";"unknown"
"29- _29_p035_528240af";"object";"unknown";"stone";"none";"Late Antiquity";"unknown"
"29- _29_p036_49f9f79d";"sculpture";"statue";"marble";"human";"Late Antiquity";"unknown"
"29- _29_p037_6729fc30";"object";"unknown";"unknown";"none";"Late Antiquity";"unknown"
"29- _29_p039_a9f53137";"object";"unknown";"stone";"none";"Late Antiquity";"unknown"
"29- _29_p040_6bce3745";"sculpture";"statue";"marble";"human";"unknown";"unknown"
"29- _29_p041_5fbfa716";"object";"unknown";"stone";"none";"Late Antiquity";"6th century"
"29- _29_p042_7a61ad2e";"stone monument";"tombstone";"marble";"none";"Late Antiquity";"1st century"
"29- _29_p043_255b10d7";"sculpture";"statue";"marble";"bull human";"Late Antiquity";"unknown"
"29- _29_p044_2353c262";"object";"unknown";"unknown";"none";"unknown";"unknown"
"29- _29_p045_5d5be489";"sculpture";"statue";"bronze";"human";"Late Antiquity";"unknown"
"29- _29_p046_e7fde96b";"object";"unknown";"unknown";"none";"Late Antiquity";"unknown"
"29- _29_p047_4ab8cf85";"sculpture";"statue";"marble";"human";"Late Antiquity";"3rd century"
"29- _29_p048_fee3ccb4";"sculpture";"statue";"bronze";"none";"Late Antiquity";"unknown"
"31- _31_p002_86aafcec";"sculpture";"statue";"limestone";"human";"unknown";"unknown"
"31- _31_p003_29c5ae2a";"sculpture";"statue";"stone";"human";"unknown";"unknown"
"31- _31_p004_c8d52ea6";"sculpture";"statue";"marble";"human";"unknown";"unknown"
"31- _31_p005_2d74b8be";"object";"unknown";"unknown";"none";"unknown";"unknown"
"31- _31_p006_56cb6e06";"sculpture";"statue";"unknown";"human";"unknown";"unknown"
"31- _31_p007_518f511e";"jewelry";"ring";"bronze";"human";"Late Antiquity";"unknown"
"31- _31_p008_d07d17df";"sculpture";"statue";"bronze";"human";"unknown";"unknown"
"31- _31_p009_5d598bbd";"sculpture";"statue";"bronze";"human";"unknown";"unknown"
"31- _31_p010_26086da7";"jewelry";"ring";"bronze";"human";"Late Antiquity";"unknown"
"31- _31_p011_4c06705e";"sculpture";"statue";"bronze";"human";"unknown";"unknown"
"31- _31_p012_36e90747";"sculpture";"statue";"unknown";"human";"unknown";"unknown"
"31- _31_p013_2f2416a9";"sculpture";"statue";"marble";"human";"unknown";"unknown"
"31- _31_p014_e0f6de98";"sculpture";"statue";"marble";"human";"Late Antiquity";"unknown"
"31- _31_p015_c0b28629";"object";"unknown";"unknown";"none";"unknown";"unknown"
"31- _31_p016_f4871bc9";"sculpture";"statue";"marble";"human";"Late Antiquity";"unknown"
"31- _31_p017_aa106c3f";"sculpture";"statue";"bronze";"human";"unknown";"unknown"
"31- _31_p018_b1646d5e";"sculpture";"statue";"marble";"none";"unknown";"unknown"
"31- _31_p019_92190aac";"sculpture";"statue";"bronze";"male deer";"Late Antiquity";"unknown"
"31- _31_p020_7366c680";"stone monument";"tombstone";"stone";"none";"Late Antiquity";"unknown"
"31- _31_p021_4561609d";"stone monument";"tombstone";"limestone";"human";"Late Antiquity";"unknown"
"31- _31_p022_02bfec92";"stone monument";"tombstone";"limestone";"human";"Late Antiquity";"unknown"
"31- _31_p023_42ffe533";"object";"unknown";"unknown";"none";"unknown";"unknown"
"31- _31_p024_3c4c4c31";"stone monument";"tombstone";"limestone";"human";"Late Antiquity";"unknown"
"31- _31_p025_a27af77d";"object";"unknown";"unknown";"none";"unknown";"unknown"
"31- _31_p026_d235d123";"inscribed object";"tablet";"bronze";"none";"unknown";"unknown"
"31- _31_p027_10b82af4";"object";"unknown";"unknown";"none";"unknown";"unknown"
"31- _31_p028_dd1df250";"jewelry";"ring";"marble";"none";"Late Antiquity";"unknown"
"31- _31_p029_46c1dbc3";"sculpture";"head";"marble";"bull";"Late Antiquity";"unknown"
"31- _31_p030_267a9cea";"object";"unknown";"limestone";"none";"unknown";"unknown"
"31- _31_p031_28432a4b";"sculpture";"head";"bronze";"bull";"Late Antiquity";"unknown"
"31- _31_p032_371c7b9e";"object";"unknown";"marble";"none";"Late Antiquity";"unknown"
"31- _31_p033_b5dd6f23";"object";"unknown";"bronze";"bull";"unknown";"unknown"
"31- _31_p034_3181947f";"object";"unknown";"marble";"human";"Late Antiquity";"unknown"
"31- _31_p035_52be4054";"glyptic";"seal";"gold";"none";"unknown";"unknown"
"31- _31_p036_224b2bc3";"jewelry";"ring";"gold";"bull";"Late Antiquity";"unknown"
"31- _31_p037_20e4ce58";"manuscript";"manuscript";"unknown";"none";"Late Antiquity";"15th century"
"31- _31_p038_c209f0d6";"sculpture";"head";"limestone";"bull";"Late Antiquity";"unknown"
"31- _31_p039_a2395d3d";"sculpture";"head";"marble";"bull";"Late Antiquity";"unknown"
