id,Title,Repatriated?,Year Returned,Sending Country,Receiving Country,Object Materials,Country of Origin,Description of Object(s),Object Type,Culture,Size,Findspot,Date Looted,Current Location,Dealer,Year Acquired,Museum Name
910,Triangular Support for a Candelabrum or Column with Reliefs,Yes,2006,USA,Italy,Marble,Italy,"Three-sided marble column fragment decorated on each panel with a relief showing three divinities walking to the left.  

The relief panels depict: Hermes with winged ankles, wearing a chlaina and a wreath; Dionysus in a long-sleeved tunic, holding a thyrsos and a drinking horn; and Artemis wearing a peplos and belted chiton and carrying a torch and a quiver on her back. The monument is damaged at the top, cutting off the goddess' head. (16 1/8 in.)","Sculpture – statues, carvings, bronzes, reliefs, figurines",Roman,3,,,Italy,Giacomo Medici,1992,"Museum of Fine Arts, Boston "
913,2 Canosan Volute Greek Kraters,Yes,2012,USA,Italy,Ceramic,Italy,A pair of Canosan volute kraters ,"Vessel – pots, amphorae, vases, kraters",Canosan Greek,2,"Apulia, Italy",,"Italy. Most recently exhibited at the National Museum of Castel Sant’ Angelo in Rome, May 21st to November 5th, 2013.",Robert Hecht | Giacomo Medici,1986,
916,A Bronze Figure of Zeus,Yes,2010,USA,Italy,Bronze,Italy,"This 11/16 inches tall bronze statuette depicts Zeus standing in a contrapposto pose with his right arm raised—likely once holding a thunderbolt or scepter, now missing. The figure is finely modeled, with defined musculature and stylized curls in the hair and beard, characteristic of Roman bronze workmanship influenced by earlier Greek prototypes. 
","Sculpture – statues, carvings, bronzes, reliefs, figurines",Late Hellenistic or Early Roman Imperial,2,,1980,National Roman Museum,Edward Merrin,,
917,Donkey Head Rhyton,Yes,2008,USA,Italy,Ceramic,Italy,"A donkey head- shaped conical rhyton, with an intact handle on the lower side of the body of the artifact. The rhyton probably served either as a drinking vessel or a container for libations that would have been used for ritual purposes. ","Vessel – pots, amphorae, vases, kraters",Roman,2,Unknown,Unknown,Italy,Robert Hecht | Giacomo Medici | Gianfranco Becchina | Bruce McNall,1977,Cleveland Museum of Art
920,Metope Group Red-Figure Krater,Yes,2012 ,USA,Italy,Ceramic,Italy,"This Apulian red-figure volute krater, measuring 79.38 × 50.17 × 43.18 cm is attributed to the Metope Group and exemplifies the red-figure pottery technique. The main scene features a youth standing within a naiskos, a small funerary shrine symbolizing the tomb, flanked by figures bearing offerings.  Finally, the composition is framed by decorative motifs such as palmettes and a meander pattern, which convey a solemn homage to the deceased,","Vessel – pots, amphorae, vases, kraters",Greece,2,Apulia,,Italy,Gianfranco Becchina,1996,Dallas Museum of Art
924,Asteas krater,Yes,2005,USA,Italy,Ceramic,Italy,"Calyx krater painted and signed by Asteas, depicting the Rape of Europa. ",Vessel,Greek,3,"Sant'Agata dei Goti, Campania, Italy",late 1970s,"National Archaeological Museum, Paestum, Italy",Gianfranco Becchina,1981,J. Paul Getty Museum
926,Statue of Sumerian King Entemena,Yes,2010,USA,Iraq,Stone | Diorite,Iraq,Headless stone statue of the Sumerian king Entemena of Lagash.,Sculpture,Sumerian,3,"The Iraq Museum, Baghdad",2003,"The Iraq Museum, Baghdad",Unknown,,
936,Attic Red-Figured Mask Kantharos,Yes,2007,USA,Italy,Terracotta,Italy,"An Attic red-figured mask kantharos depicting Dionysos, attributed to the Foundry Painter—one of the prominent vase painters of the early 5th century BC—based on stylistic analysis by Robert Guy. The potter is identified as Euphronios, a celebrated figure of the period known for his collaboration with leading painters and for his contributions to the development of red-figure technique.","Vessel – pots, amphorae, vases, kraters",Greek,2,,Before 1982,,Giacomo Medici | Robin Symes | Fritz Burki | Brian Aitken,"1985
1988
1996",J. Paul Getty Museum
939,Etruscan Candelabrum,Yes,2005,USA,Italy,Bronze,Italy,"The Etruscan bronze candelabrum is 44½ inches high.  At the base are four curving arms with terminals in the shape of stylized lotus buds which project from a slender, fluted shaft.  On top is a solid-cast figural group of a horse-tailed satyr with a youthful companion who is swathed in a mantle with a short tunic underneath. ","Lighting Device – lamps, candelabrum, lanterns",Etruscan,3,Vulci,,National Etruscan Museum - Villa Giulia,Robert Hecht | Fritz Bürki & Son,1990,J. Paul Getty Museum
942,Onesimos Kylix,Yes,1999,USA,Italy,Ceramic,Italy,"Attic red-figured kylix from 5th Century BCE, signed by potter Euphronios and painted with scenes of the Trojan War by Onesimos; reconstructed from fragments.",Vessel,Greek,2,San Antonio section of the Etruscan necropolis of Cerveteri,Unknown,"Museo Nazionale di Villa Giulia, Rome",Giacomo Medici | Frieda Tchacos | Christian Boursaud | Robert Hecht,1983 | 1985,J. Paul Getty Museum
945,Statue of Apollo,Yes,2007,USA,Italy,Marble,Italy,"Marble sculpture of Apollo.
Dimensions:  h 5 ft .",Sculpture,Greek,3,"Tomb, ruins of Orta Nova (Puglia, Italy)",1976 or 1977,Italy,Giacomo Medici | Robert Hecht | Robin Symes,1985,J. Paul Getty Museum
947,Statuette of Tyche,Yes,2007,USA,Italy,Marble,Italy,Marble statuette of the goddess Tyche,"Sculpture – statues, carvings, bronzes, reliefs, figurines",Greek,2,,,,Giacomo Medici  | Robin Symes,1996,J. Paul Getty Museum
951,Two Griffins Attacking a Fallen Doe,Yes,2007,USA,Italy,Marble,Italy,Greek marble trapezophoros showing two griffins attacking a fallen doe; dated circa 325-300 B.C. ,Sculpture,Greek,4,"Ascoli Satriano, Puglia, Italy",1976,"Museums of Ascoli Satriano, Italy",Giacomo Medici | Robin Symes | Robert Hecht | Christos Michaelides,1985,J. Paul Getty Museum
954,Roman Torso of the Goddess Fortuna ,Yes,2011,USA,Italy,Marble,Italy,"The statue represents a marble torso of a woman, peraphs a goddess, and the vest shows detailed carving of the flowing garment  with intricate folds and naturalistic movement. ","Sculpture – statues, carvings, bronzes, reliefs, figurines",Roman,4,,1988,Italy,,,
956,Euphronios Krater,Yes,2008,USA,Italy,Ceramic,Italy,"Krater deepicting Sarpedon (son of Zeus), attributed to Euxitheos as potter, and Euphronios as painter.",Vessel,Greek,2,"Cerveteri, Italy  | Greppe Sant'Angelo are of the Etruscan Cemetery in Cerveteri",1971,"Villa Giulia, Rome, Italy.",Robert Hecht | Giacomo Medici,1972,Metropolitan Museum of Art
957,Morgantina Silver ,Yes,2010,USA,Italy,Silver,Italy,"The 'Morgantina Silver' is a collection of 16 silver artifacts looted from the site of Morgantina in Sicily.  Morgantina at the time was a Hellenistic settlement founded around 1000 B.C. and is close to the town of Aidone, where the cache was repatriated. The hoard includes two small silver horns, an emblem depicting the sea monster Scylla in sculptural relief, a ladle with a dog's head (common of Morgantinian artifacts), and various drinking bowls. The hoard has been described to have been most likely used during philosophical symposia's or ritualistic purposes. ","Vessel – pots, amphorae, vases, kraters",Greek,2,Morgantina,1979-1980,"Aidone, Sicily",Robert Hecht | Nabil Asfar,1981 and 1982 (seperate transactions),Metropolitan Museum of Art
958,Aidonia Treasure,Yes,1996,USA,Greece,Gold,Greece,"Collection of Mycenaen gold and jewelry found in a cemetery in Aidonia, Greece. ",Various | Jewelry,Mycenaen,1,"Aidonia, Peloponnesian district of Corinthia in Greece",circa November 1976,"Museum of Nemea, Greece",Michael Ward,1993,
960,"""Sleeping Beauty"" Sarcophagus Lid",Yes,2014,USA,Italy,Marble,Italy,"Life-size reclining woman in marble, which  probably served as the lid of an 1,800-year-old sarcophagus for a Roman noblewoman. 
Weight: approximately 1,700 pounds (771 kilograms).","Funerary Object – coffins, mummy portraits, grave goods",Roman,4,Unknown,1970s or early 1980s,Italy,Gianfranco Becchina | Ali Aboutaam and Hicham Aboutaam | Noriyoshi Horiuchi | Antonio “Nino” Savoca | George Ortiz,,
961,Elmali Hoard,Yes,1999,USA,Türkiye,Various,Türkiye,coin hoard including rare decadrachms of Athens,"Currency – coins, weights, exchange goods",Greek | Lycian,1,"Elmali, Antalya, Türkiye",April 1984,"Elmali Museum, Antalya, Türkiye",unnamed Munich dealer | OKS Partners,1984,
966,Billy the Goat ,Yes,1952,USA,Italy,Marble,Italy,"The Roman head of a goat is part of what was once a life-sized goat statue, purchased in 1948 from an antique shop in Italy","Sculpture – statues, carvings, bronzes, reliefs, figurines",Roman,3,Museo dei Conservatori in Rome,Likely between 1937 and 1945,Princeton University Art Museum,,1948,Princeton University Art Museum
968,Bust of Empress Livia,Yes,2000,Switzerland,Albania,Marble,Albania,"Portrait bust of Empress Livia, found by Italian archaeologist Luigi Ugolini when excavating the theater at the site of Butrint in 1928.","Sculpture – statues, carvings, bronzes, reliefs, figurines",Roman,3,"Butrint National Park, Albania",April 1991,"Archaeological Museum of Butrint,  Albania ",Robert Hecht,,
972,Etruscan Black Figured Kalpis,Yes,2013,USA,Italy,Ceramic,Italy,A kalpis (water vessel) depicting pirates being turned into dolphins by the god Dionysus.,Vessel,Etruscan,2,,1981,Italy,Gianfranco Becchina | Giacomo Medici,1982,Toledo Museum of Art
973,49 Dacian coins,Yes,2013,USA,Romania,Silver,Romania,49 silver coins,"Currency – coins, weights, exchange goods",Dacian,1,Sarmizegetusa Regia,Before 2003,"National History Museum, Bucharest",A Chicago antiquities dealer,,
975,Trojan Gold,Yes,2012,USA,Türkiye,Gold,Türkiye,24 pieces of Trojan gold jewellery,"Jewelry – bracelets, rings, personal decoration",Trojan,1,"Most likely Troy (as determined through soil analysis). However, claims also come from Greece and southeastern Europe. ",Unknown,Türkiye,Robert Hecht | George Allen,1966,University of Pennsylvania Museum of Archaeology and Anthropology ('Penn Museum')
977,Saint Matthew New Testament,Yes,2014,USA,Greece,Various,Greece,"lluminated New Testament, which was copied in 1133 by the scribe Theoktistos. It can be stylistically associated with court art produced in Constantinople. Its dimensions are Leaf: 21 × 14.9 cm (8 1/4 × 5 7/8 in.) and it was created using tempera colors, gold leaf, gold ink, and ink.","Religious Work – crucifixes, shrine objects, icons, religious texts | Information Artifact – books, seals, plaques, scrolls",Byzantine,2,"Monastery of Dionysiou, Mount Athos, Greece",1960,"Dionysiou Monastery, Mount Athos, Greece","Peter and Irene Ludwig of Aachen, Germany",1983,J. Paul Getty Museum
990,The Birth of Brahma ,Yes,1988,USA,Thailand,Stone,Thailand,12th century lintel formerly adorning east gateway of the Khmer temple of Khao Phnomrung near the town of Buriram. Depicts the birth of Brahma with reclining Vishnu on a makara (a legendary sea-creature of Hindu mythology).,"Architecture – antefixes, doors, sconces, friezes",Khmer,3,Khao Phanomrung near the town of Buriram,pre 1966,,unnamed New York based dealer,1967,Art Institute of Chicago
991,The Jiroft Collection,Yes,2011,UK,Iran,Chlorite,Iran,"Seven vases, four cups, three weights, two jars, a bowl and a vessel, all carved from chlorite.",Various,Jiroft Civilization,2,"Jiroft, Iran",2001,Possibly the National Museum of Iran in Tehran,Fayez Barakat,2002-2005,
992,Apulian Amphora Showing the Murder of Atreus,Yes,2006,USA,Italy,Terracotta,Italy,"Red figure terracotta amphora depicting the killing of Atreus
height 88.3 cm (34 3/4 in.); body diameter 38.8 cm (15 1/4 in.)

Front: Murder of Atreus, King of Mycenae
Back: Dionysos and his retinue
Front, on the neck: Head of the goddess Io emerging from a vine

The scene on the front shows the murdered Atreus, king of Mycenae sprawled across his throne.  The murderers, Atreus' brother Thyestes and Thyestes' son Aigisthos are on the left. On the far left, Thyestes' daughter Pelopeia raises her eyes  is dismay, while on the right are Poine, the goddess of retribution, and the palace maids.","Vessel – pots, amphorae, vases, kraters",Greek,2,"Apulia, Italy",1991 or earlier,Museo Archeologico Nazionale di Taranto,Giacomo Medici | Robert Hecht | Jonathan Rosen | Fritz and Harry Bürki,1991,"Museum of Fine Arts, Boston"
995,Statue of Sabina ,Yes,2006,USA,Italy,Marble,Italy,"Portrait statue of Sabina, wife of Emperor Hadrian.
Dimensions: h 2.04 m ",Sculpture,Roman,4,"possibly Hadrian’s villa, Tivoli, Italy",Unknown,,Robert Hecht | Fritz Burki | Nikolas Koutoulakis | Giacomo Medici | Fuat Uzumel,1979,"Museum of Fine Arts, Boston"
998,Memorial Screen (Duen Fubara),Yes,2014,USA,Nigeria,Various | Wood,Nigeria,A memorial screen consisting of wood figures composed of separately-attached arms and legs - an object type commissioned by trading families to memorialize a family elder. ,Sculpture,Nigerian,2,"Buguma, Nigeria.",1990,,Charles Davis,1996 | 2014,"Museum of Fine Arts, Boston"
999,Nok Male Figure,Yes,2014,USA,Nigeria,Terracotta,Nigeria,Male Figure ,"Sculpture – statues, carvings, bronzes, reliefs, figurines",Nok,2,,,,"Charles Jones (Wilmington, NC) | Kofi Hassan (Kafanchan, Nigeria)",2014,"Museum of Fine Arts, Boston"
1001,Antimenes Hydria,Yes,2006,USA,Italy,Ceramic,Italy,"The pot stands 46 cm high (18 1/8 in.) and is crafted in ceramic using the Black-Figure technique. The main panel depicts four barbarian horsemen riding to the right—three on black horses and one on a white. Dressed in pointed caps, long-sleeved tunics, and patterned trousers, the riders are likely Scythians, identified by their distinctive attire.

Beneath the main scene, a frieze of animals unfolds, centered around a dramatic group of two lions attacking a prey. On the shoulder of the vessel, a departure scene shows a warrior mounting a chariot, observed by five other figures, possibly family members or companions.","Vessel – pots, amphorae, vases, kraters",Greek,2,,1970s,Italy,Gianfranco Becchina (Basel) | Bruce and Ingrid McAlpine (London),1979,Boston Museum of Fine Arts
1002,Benin Edo Head,Yes,2014,USA,Nigeria,Terracotta,Nigeria,"A terracotta stylised figure of a head with distinct hair style, traces of dark brown pigment and white and black pigment on the eyes. 
","Sculpture – statues, carvings, bronzes, reliefs, figurines","Benin Kingdom, Nigeria",2,"Said to have been collected from the family altar of brass casters living in Benin City, Nigeria, in January 1990",1990,,,1992,"Museum of Fine Arts, Boston"
1004,Weary Herakles (Top Half),Yes,2011,USA,Türkiye,Marble,Türkiye,"This Roman sculpture was modeled after an original 4th century B.C. bronze statue of Weary Herakles by the Greek master Lysippos of Sikyon. The version is identified as the ""Herakles Farnese"" type of sculpture on the basis of its similarity to a more complete copy in Naples. shows an aged Herakles holding the Apples of the Hesperides in his right hand, behind his back, and leaning on a club covered with the skin of the Nemean lion and a cloak, which he has placed under his left armpit. Herakles' hair is disheveled, his brow is knotted, and his eyes are sunken. The ""Herakles Farnese"" type was very popular in antiquity; many replicas and variants have been identified. This particular example was probably carved in the Hadrianic or Antonine period.

The statue is incomplete. Both arms have been broken off, the left at the elbow, the right higher up. The lower part of this statue, now in the Antalya Museum, was excavated in the South Baths at Perge.","Sculpture – statues, carvings, bronzes, reliefs, figurines",Roman,4,"Perge, Turkiye. Marble possibly from Paros or Aphrodisias",pre 1981,"Antalya Museum, Turkey",Mohammad Yeganeh (Frankfurt),1981,"Museum of Fine Arts, Boston"
1006,Keith Collection,Yes,2020,USA,Costa Rica,Various,Costa Rica,"Stone, ceramic and precious metal artifacts, some crafted to depict native animal life, used in indigenous rituals before Spanish colonization.",Various,"Pre-Colombian Diquis, Chorotega, and possibly Mayan cultures",1,Various,Late 1800s to early 1900s,"Museo Nacional de Costa Rica, San Jose",,1932,Brooklyn Museum
1015,Revanta and His Entourage,Yes,2016,USA,India,Sandstone,India,"Sandstone panel depicting Revanta Revanta, an equestrian deity who is of significant importance in Hinduism; panel originates from India in the 8th Century CE.
Dimensions: approximately 30 x 53 in.",Sculpture,,3,,,,Subhash Kapoor,,
1016,Stele of Rishabhanata,Yes,2016,USA,India,Sandstone,India,"Sandstone 10th Century CE stele of Rishabhanata, from Rajasthan or Madhya Pradesh, India.
Dimensions: approximately 22 3/8 in high. ",Sculpture | Stele,Jain,2,,,,Oliver Forge | Brandon Lynch ,2016,
1017,Statue of Hanuman,Yes,2015,USA,Cambodia,Sandstone,Cambodia,"10th Century statue originating from Koh Ker, Cambodia, depicting Hanuman, a prominent deity in Hinduism. 
Dimensions: h 45 7/16 x w 21 1/16 x d 25 9/16 in.",Sculpture,Khmer,3,"Prasat Chen, Koh Ker, Cambodia",before 1968,,Douglas Latchford,1982,Cleveland Museum of Art
1032,Cornell Cuneiform Tablets,Yes,2013,USA,Iraq,Clay,Iraq,"The 10,000 inscribed clay blocks date from the 4th millenium BC include the Garsana archive, the private records of a 21st century BC Sumerian princess in the city of Garsana that has made scholars rethink the role of women in the ancient kingdom of Ur. The administrative records show Simat-Ishtaran ruled the estate after her husband died. 

Other tablets provide detailed administrative records of ancient life, including the procedures for temple rituals, the resettlement of refugees and the output of agricultural lands.",Information Artifact,Sumerian,1,Garsana ,,Iraq,Jonathan P. Rosen,1999,Herbert F. Johnson Museum of Art - Cornell University
1034,Orpheus Mosaic,Yes,2012,USA,Türkiye,Marble | Various,Türkiye,"Orpheus Taming Wild Animals. Eastern Roman Empire, near Edessa. Marble; mosaic. <br /><br />From Christie's catalog: The large square panel depicting Orpheus at the center seated upon a rock, his legs crossed at the ankles, playing the lyre with his raised left hand, his index and little finger extended, clad in a striped tunic and mantle, wearing a Phrygian cap, surrounded by the beasts his music has charmed, including a boar, a leopard, a bear, a lion, an ibex, a horse, a goat, a crow, and a small bird, with two inscriptions in Aramiac, one in the field to the left of Orpheus which reads: <em>""Son of Zagrios, the player, is playing;"" another below left in a panel which reads: ""In the month of Nijan, year of five hundred and five, I Papa, son of Papa, made for myself [this] house of rest [ ], for myself, and for my children and for my heirs. Blessed is he who sees [it] and pronounces a blessing""</em> <br /><br />Measurement is 64 in. X 60 in. (164.4 x 152.4 cm).",Visual Work,Roman,3,"Edessa, near modern Şanlıurfa",1950's,Türkiye,,1999,Dallas Museum of Art
1049,Silver Griffin Drinking Cup,Yes,2013,USA,Iran,Silver,Iran,"Silver rhyton (drinking cup) in the shape of a Griffin, which was allegedly from the Iranian Western Cave Treasure, and later suggested to be a modern forgery.",Vessel,Persian,2,"Kalmakarreh Cave, known as the Western Cave, in the Luristan province of western Iran",circa 1989,,Hicham Aboutaam,2000,
1075,Gold Phiale,Yes,2000,USA,Italy,Gold,Italy,"The phiale is a 24-karat gold libation bowl, dated to the 4th century BCE. The platter, known as a 'phiale mesomphalos', was used by the ancient Greeks to honor their gods. The bowl would have begun as a two-pound solid piece of gold, before it was hammered by a master artisan into a shallow platter. After, shapes of acorns, beechnuts and bees were indented into the outer workings of the bowl. In the middle, a round knob symbolized the mythological navel of the universe. An inscription was also inscribed along the edge, written in a Greek-Doric dialect that was spoken in Sicilian-Greek colonies.","Vessel – pots, amphorae, vases, kraters",Greek,2,"Caltavuturo, Sicily",Unknown,"Sicily, Italy",Vincenzo Cammarata | William Veres | Robert Haber,1991,
1077,Footsteps of the Buddha,Yes,2016,USA,Pakistan,Bronze,Pakistan,"2nd Century Buddhapada sculpture, depicting the footprints of the Buddha.",Sculpture,,3,"Swat Valley, Pakistan",1982,,Tatsuzo Kaku | Alexander Gotz,1982,
1113,Lekanis,Yes,2007,USA,Italy,Marble | Paint,Italy,Painted marble lekanis (ceremonial basin) with a painted scene from Homer’s “Iliad.”,Vessel,Greek,2,"Tomb, ruins of Orta Nova (Puglia, Italy)",1976 or 1977,Italy,Giacomo Medici | Robert Hecht | Robin Symes,1985,J. Paul Getty Museum
1116,Lex Sacra,Yes,1992,USA,Italy,Lead,Italy,A fifth-century BCE lead tablet inscribed with instructions for a religious ritual and had been traced to a sanctuary of Demeter near the ancient Sicilian town of Selinunte. ,"Information Artifact – books, seals, plaques, scrolls",Greek,2,"Sanctuary of Zeus Meilichios. shrine of Demeter Malophoros, modern Selinunte, Italy",pre 1981,"Palazzo Milo Pappalardo, Trapani, Sicily",,1981,J. Paul Getty Museum
1127,Kneeling Attendants,Yes,2013,USA,Cambodia,Sandstone,Cambodia,Two 10th century Khmer sculptures of Kneeling Attendants,"Sculpture – statues, carvings, bronzes, reliefs, figurines",Khmer,5,"Prasat Chen Temple, Koh Ker, Cambodia",c. 1972 (Khmer Rouge era),"Prasat Chen, Chok Gargyar (Koh Ker), Cambodia",Douglas Latchford,"1987 - 1992, in fragments",Metropolitan Museum of Art
1143,Norton Simon Nataraja,Yes,1976,USA,India,Bronze,India,"Lord Siva, or Sivapuram Nataraja, found in Sivapuram, Tamil Nadu","Sculpture – statues, carvings, bronzes, reliefs, figurines",Chola,4,"Sivapuram, Tamil Nadu",1956,"Kapaleeswarar Temple, Chennai, Tamil Nadu, India",Ben Heller | Boman Behram,1973,Norton Simon Museum
1146,Tlingit Totem Pole,Yes,2001,USA,USA | Indigenous or sovereign nation/tribe,Wood,USA | Indigenous or sovereign nation/tribe,Bear den totem pole representing the history of the Teikweidi (Brown Bear) Clan of the Tlingit Nation. ,"Monument – obelisks, stelae, tombstones, totem poles",Tlingit People,5,"Hoots-Hit House, Gaash, Cape Fox, Alaska",1899,"Gaash, Cape Fox, Alaska",,1990,"Peabody Museum, Harvard University"
1147,Kanakaria Mosaics,Yes,1991,USA,Cyprus,Various,Cyprus,Byzantine mosaics removed from the apse of the Church of the Panagia Kanakaria in Cyprus in 1976.,"Visual Work – paintings, frescos, mosaics",,3,"Church of the Panagia in Kanakaria, Cyprus",1976,"Byzantine Museum of the Archbishop Makarios III Foundation, Cyprus",Michel van Rijn | Peg Goldberg,not acquired,J. Paul Getty Museum
1149,Dat-Hamim Stele,Yes,2004,USA,Yemen,Limestone,Yemen,"An inscribed alabaster limestone slab, a bas-relief of fertility goddess Dat-Hamim on a foot-high tablet. The dimensions are 39 cm x 23.5 cm x 2 cm, 3.5 cm at the edge. ","Sculpture – statues, carvings, bronzes, reliefs, figurines",Himyarite Kingdom,2,Aden Museum ,July 1994,National Museum of Yemen,Ali Aboutaam,1994 or earlier,Aden Museum
1168,Duryodhana,Yes,2014,USA,Cambodia,Stone,Cambodia,"A 10th century sculpture of Duryodhana looted from the Prasat Chen temple of Koh Ker, Cambodia. Feet of the sculpture were discovered in situ in Prasat Chen, Koh Ker.","Sculpture – statues, carvings, bronzes, reliefs, figurines",Khmer,5,"Prasat Chen, Koh Ker","c. 1972 (Khmer Rouge era), if not earlier",Cambodia,Douglas Latchford,,
1178,Toledo Ganesha,Yes,2016,USA,India,Bronze,India,"Patinated bronze sculpture of the elephant-headed Hindu deity Ganesha, 19 in. (48.3 cm) tall. The sculpture is standing on a lotus base with lugs for carrying it during processions. Ganesha holds his major attributes in his four hands, his broken off tusk, an elephant goad, a noose, and a sweet ball.","Sculpture – statues, carvings, bronzes, reliefs, figurines",Chola,2,"A Sivan Temple, Tamil Nadu, India. Possibly the Ariyalur Temple.",Early 2006 or before,"Possibly the Sivan Temple in Ariyalur, Tamil Nadu, India",Subhash Kapoor,2006,Toledo Museum of Art
1191,The Machu Picchu Collection,Yes,2012,USA,Peru,Various,Peru,"40,000 objects of various types, including pottery, jewelry, and human remains from Machu Picchu, Peru.  ",Various | Human Remains | Pottery | Jewelry,Inca,2,"Machu Picchu, Peru",1911,"Universidad Nacional de San Antonio Abad del Cusco, Peru | Casa Concho Museum, Cusco, Peru",,1911-1916,"Peabody Museum of Natural History, Yale University"
1197,2 Maya Ceramic Cylinders,Yes,2012,USA,Guatemala,Ceramic,Guatemala,Two Maya Ceramic Cylinders ,"Vessel – pots, amphorae, vases, kraters",Maya,2,,,,,,
1199,Head of Hades,Yes,2013,USA,Italy,Terracotta,Italy,"A white terracotta head depicting the Greek god Hades. It is dated to 300 BCE. The head has been roughly removed from the rest of the body, as noticed by the breakage lines on the bottom of the artifact. This breakage allowed for its provenance to be traced to Morgantina in Sicily, as other fractured pieces of the terracotta body matched to the discontinuous breakage lines on the head.","Sculpture – statues, carvings, bronzes, reliefs, figurines",Greek,3,Morgantina,1970's,"Museo Archeologico,  Aidone (Sicily)",Robin Symes,1985,J. Paul Getty Museum
1200,The Getty Aphrodite,Yes,2010,USA,Italy,Marble | Limestone,Italy,"Greek statue of a goddess, likely Persephone","Sculpture – statues, carvings, bronzes, reliefs, figurines",Greek,5,"Morgantina, Sicily, Italy",1977 or 1978,"Aidone, Sicily, Italy",Renzo Canavezi | Robin Symes,1988,J. Paul Getty Museum
1202,Three Maya basalt sculptures,Yes,2013,USA,Mexico,Basalt,Mexico,"“Noble or priest” (200 BCE - 200 CE); basalt stele, Coast of the Gulf of Mexico (146 x 95.5 cm) 

“Serpent head”  (900 – 1200 CE); basalt sculpture, Central High Plateau (40  x 85 cm) 

""Tlaloc, God of Rain” (700 - 900 CE); basalt stele, Guerrero region  (71 x 40.6 cm) ","Sculpture – statues, carvings, bronzes, reliefs, figurines",Maya,3,Mexican Gulf Coast and  Central High Plateau ,,,Leonardo Patterson,,Lowe Art Museum at the University of Miami
1204,Orpheus and the Sirens,Yes,2022,USA,Italy,Terracotta,Italy,Greek sculptural group; dating to c. 350–300 BC; terracotta with polychromy.,Sculpture,Greek,4,"Taranto (Tarentum, or Taras), Italy",Before 1976,,Leo Mildenberg,1976,J. Paul Getty Museum
1212,Michael Steinhardt Collection,Yes,2021,USA,Italy | Greece | Türkiye | Lebanon | Bulgaria | Egypt | Syria | Libya,Various,Italy | Lebanon | Greece | Türkiye | Syria | Israel | Jordan | Egypt | Bulgaria,"Among the highlights of the seized objects: <br /><br />A rare Greek kouros, purchased on November 17, 2000 directly from the antiquities trafficker Robert Hecht for USD $2,348,500. Hecht included pictures of the sculpture soon after it was looted.<br /><br />A situla, which surfaced on the art market in October 1995, when Robin Symes sold it to the Beierwaltes for USD $320,000. In 2006, the Beierwaltes consigned it to Phoenix Ancient Art. Steinhardt purchased it in 2009 from Phoenix Ancient Art for USD $250,000. In Symes' archives, prosecutors found photos of the same situla taken in 1995 by the Basel-based Dieter Widmer. It had no handle and was still covered in dirt and encrustations, signs of recent looting. Today valued at USD $320,000, the looted situla will be returned to Italy.<br /><br />An Assyrian Gold Bowl that Svyatoslav (aka Slav) Konkin, a Russian antiquities dealer, hand carried on a flight from Hong Kong to Newark NJ. He was detained by authorities but allowed to deliver the bowl to Steinhardt, who purchased it in July 2000 for USD $150,000. Prosecutors say the bowl had been looted in Nimrud, Iraq, where similar examples have been found. Similar gold objects were stolen from the Baghdad Museum, while others were looted and sold by ISIS. It will be returned to Iraq.<br /><br />A Veiled Head of a Woman that surfaced on the art market on November 10, 2000, when Steinhardt purchased it from Michael Ward for USD $1,200,000. Ward noted it was ""possibly from North Africa,""   had ""earthy deposit"" and a ""clean break"" on the neck. Prosecutors say the bust was looted from a tomb in the ancient city of Cyrene, in modern day Libya. Excavations there shut down during unrest in 1999, and looters began sacking the city's ancient tombs.<br /><br />A Togate Figure that Phoenix Ancient Art sold to Steinhardt for USD $800,000 in June 1993, stating it was from ""Perusia [sic], Umbria, Italy."" Steinhardt later consigned it back to Phoenix for sale. Polaroids found in the archives of Giacomo Medici show the togate with a companion figure, both broken and dirt-encrusted sitting atop an Italian newspaper. The Etruscan inscription along the base suggests it was indeed likely found near Perugia.<br /><br />An Orpheus Mosaic that first surfaced on the art market in 1991, when Robert Haber shipped it from Geneva to the United States for Steinhardt. Steinhardt paid Haber USD $440,000 for the mosaic in Oct 1991 and had it sent to California for restoration. The restorers noted it had been crudely ""cut into five sections in order to simplify lifting it from its original site,"" a Roman villa in Sicily. A polaroid of the mosaic sent to Haber by Geneva shipper Mat Securitas shows it before restoration.<br /><br />A Griffin Cauldron with Stand that Steinhardt purchased in April 2003 from Robert Hecht with no prior provenance for USD $475,000. Other records suggest he paid USD $3,000,000 for the completed piece, which had surfaced in fragments. Photos recovered from Hecht show the cauldron soon after it emerged from a tomb in Lazio, dirt encrusted and broken in two.<br /><br />The Ercolano Fresco, showing Hercules as an infant strangling a snake. This fresco was looted from Herculaneum in 1995, and Steinhardt purchased the fresco for $650,000. The fresco is currently valued at $1 million.<br /><br />(It looks like 51 of these items went back to Italy, remaining are from other countries: https://www.documentcloud.org/documents/24244920-2023-06-27-15-51-2021-12-13-to-steinhardt-178p-o/)<br /><br />Remaining:<br />Returned to Bulgaria 1 <br />Returned to Libya 1 <br />Returned to Iraq 2 <br />Returned to Egypt 9 <br />Returned to Jordan 9 <br />Returned to Israel 37 <br />Returned to Syria 4 <br />Returned to Türkiye 14 <br />Returned to Greece 47 <br />Returned to Lebanon 2",Various,Various,,Various,,Various,Giacomo Medici  | Gianfranco Becchina | Edoardo Almagià | Robin Symes | Robert Hecht | Edward and Samuel Merrin | Robert Haber | Eugene Alexander | Fritz and Harry Bürki | Gil Chaya | Rafi Brown | Pasquale Camera | George Ortiz | Noriyoshi Horiuchi | Michael Ward | Svyatoslav Konkin | Axel Gordian Weber,,
1213,Gilgamesh Dream Tablet,Yes,2021,USA,Iraq,Stone,Iraq,"3,600-year-old cuneiform tablet with part of the Sumerian poem, the Epic of Gilgamesh, renowned as one of the earliest works of literature on record. 
Dimensions: 6 1/4 x 4 3/4 in (16 x 12 cm) ",Tablet,Sumerian,2,Unknown,Unknown,Iraq Museum ,Ghassan Rihani | American dealer,,Museum of the Bible
1214,Georges Lotfi Collection,Yes,2023,USA,Lebanon | Syria,Various,Lebanon | Syria | Libya,"The nine mosaics returned to Lebanon are:

- A mosaic depicting the Earth Goddess Gaia, tracing its origins back to the 5th century BCE.

- A mosaic of the Autumn season, hailing from the 5th century BCE.

- A mosaic representing the Summer season, dating back to the 5th century BCE.

- A mosaic portraying the divine couple Neptune and his wife Amphitrite, riding a chariot, crafted during the 3rd century BCE.

- A mosaic of a giant from the 5th century BCE.

- A mosaic showcasing the athlete Dionysus, meticulously composed of hundreds of tiny, multicolored stone fragments, dating back to the 3rd century BCE.

- A mosaic illustrating King Lycurgus of Thrace in the act of vanquishing Ambrosia, from the 5th century BCE.

- A mosaic of Dionysus as a child riding a lion, accompanied by his companions, originating from the 3rd century BCE.

- Another mosaic featuring Dionysus, this time alongside his mentor, from the 5th century BCE.","Various | Visual Work – paintings, frescos, mosaics",Various,4,Various,"For the mosaics, 1987 or earlier","Beirut, Lebanon",Georges Lotfi | Mohammad Al Haddad | Farid Ziadé,,
1221,Adana Ulu Camii Iznik Tiles,Yes,2017; 2021; 2022; 2025; 2026,UK | Netherlands | Spain,Türkiye,Ceramic,Türkiye,Iznik tiles and tile panel,"Architecture – antefixes, doors, sconces, friezes",Ottoman Empire,1,Adana Ulu Camii,2002 & 2003,"Ankara Ethnography Museum, Ankara, Türkiye",,,
1234,Symes Artifacts from Cyrene ,Yes,2023,USA,Libya,Marble,Libya,"An over life-size female marble bust, likely part of a larger sculpture, showing a woman wearing a veil, with coiffed hair and approximately half of her torso. Dated to the second half of the 4th century BCE.

Marble face of a Ptolemaic queen, measuring 11.5 inches tall, with significant damage to the face. Dated to the 3rd century BCE. ","Sculpture – statues, carvings, bronzes, reliefs, figurines",Greek,2,Cyrene,Late 1980s to 1990s,Libya,Robin Symes,,
1245,The Saarbruken Bronze,Yes,2002,Germany,Greece,Bronze,Greece,"A bronze Greek statue depicting a naked boy or young athlete dating from the early Roman period (1st century BCE to early 1st century CE). It is missing its hands and part of one leg, stands 1.49m tall and weighs 72kg. ","Sculpture – statues, carvings, bronzes, reliefs, figurines",Greek,4,Submerged near the western Greek port of Preveza,1998 or earlier,"Athens, National Archaeological Museum No Inv. X26087",Christoph F. Leon,,J. Paul Getty Museum
1246,The Sevso Treasure,Yes,2014 | 2017,UK,Hungary,Silver,Hungary,"14 silver objects (plates, platters, chalices, etc.)",Various,Roman,2,"Allegedly Polgárdi, close to Balaton",1970s,Hungarian National Museum,Unknown London sellers,,
1247,Eid Mar Coin,Yes,2023,USA,Greece,Gold,Italy,Roman gold coin minted to commemorate the assassination of Julius Caesar. Weight: approximately 8 grams.,Currency,Roman,1,Unknown,Unknown,Greece,Richard Beale | Italo Vecchi,,
1248,Sicily Naxos Coin,Yes,2023,USA,Italy,Silver,Italy,"The Sicily Naxos Coin, a silver tetradrachm, minted circa 430 BCE in the Greek colony of Naxos, in eastern Sicily. 
Dimensions: diameter 28mm, height 8mm; weight: 17.33g.",Currency,Greek,1,Naxos,Unknown,,Richard Beale | Italo Vecchi,,
1256,Byzantine Mosaic of Hercules' 11th Labor,Yes,2016,USA,Syria,Stone | Other,Syria,"a 1 ton, 18-foot long Byzantine mosaic of Hercules’ 11th labor","Visual Work – paintings, frescos, mosaics",Byzantine,5,"Idlib, Syria",2010 or after,US Attorney's office pending return to Syria,Mohamad Yassin Alcharihi,,
1257,Zeytun Gospel Pages,On indefinite loan,2015,USA,Armenia,Other,Armenia,8 Canon table folios removed from the Zeyt'un Gospels,"Information Artifact – books, seals, plaques, scrolls",Armenian Kingdom of Celicia,2,"Church of Holy Mother of God, Zeyt'un, Türkiye",late 1800s,J. Paul Getty Museum,Gil Atamian,1993,J. Paul Getty Museum | Walters Gallery (Baltimore) | Pierpont Morgan Library (New York)
1258,Persepolis Relief,Yes,2018,USA,Iran,Limestone,Iran,An eight-inch-square piece of carved limestone that was part of a long line of soldiers depicted on a balustrade at the central building at Persepolis.,"Fragment | Architecture – antefixes, doors, sconces, friezes",Persian,2,Persepolis,1936,"Persepolis, Iran",Rupert Wace | Sam Fogg,1950 or 1951,Montreal Museum of Fine Arts
1259,Lintel from Khao Lon Temple,Yes,2021,USA,Thailand,Sandstone,Thailand,"A sandstone lintel from Khao Lon Temple in northeastern Thailand 
","Architecture – antefixes, doors, sconces, friezes",Khmer,4,Khao Lon Temple,1959 or later,Bangkok National Museum,Unnamed French dealer,1968,Asian Art Museum of San Francisco
1260,Lintel from Prasat Nong Hong,Yes,2021,USA,Thailand,Sandstone,Thailand,A sandstone lintel from Nong Hong temple in northeastern Thailand ,"Architecture – antefixes, doors, sconces, friezes",Khmer,4,"Prasat Nong Hong, Buri Ram Province, Thailand",1960s or later,Bangkok National Museum,Unnamed French dealer,1966,"Asian Art Museum, San Francisco"
1262,Sidon Bull's Head,Yes,2017,USA,Lebanon,Marble,Lebanon,"The Bull's Head dates to approximately 360 B.C. and was excavated from the Temple of Eshmun in Sidon, Lebanon, by Maurice Dunand as part of a state sponsored excavation, according to court filings. Mr. Dunand, a French archaeologist specializing in the ancient Near East who had begun excavating Jubayl/Byblos in 1924 and Eshmun in 1963, served as Director of the mission 'Archeologique Francaise' in Lebanon. At the time of its excavation, the Bull's Head (C-17) was photographed and given inventory catalogue number E912/8- 12.",Sculpture,Greek,3,"Temple of Eshmun in Sidon, Lebanon",1981,Lebanon ,George Lotfi | Frieda Tchacos | Robin Symes | Hicham Aboutaam,2010,Metropolitan Museum of Art
1263,The Kushan Buddha,Yes,2016,Australia,India,Sandstone,India,"A Kushan-era sculpture of the Seated Buddha, sandstone, missing its right hand, part of its right shoulder, and approximately one third of its circular backrest. ","Sculpture – statues, carvings, bronzes, reliefs, figurines",Kushan Empire,4,"Uttar Pradesh, India",mid-1960s or earlier,India,Vaman Ghiya | Nancy Wiener,2007,National Gallery of Australia
1264,Steve Green Collection ,Yes,2017,USA,Iraq,Clay | Stone,Iraq,"A large number of clay and stone antiquities, including cuneiform tablets, bricks, bullae, envelope seals, and cylinder seals.","Information Artifact – books, seals, plaques, scrolls",Mesopotamia,1,Various,,"Iraq Museum, Baghdad",Alaa (Alan) Baidun  | Ibrahim (Nabil) Hroub  | Yosef Hroub  | Taher Barakat ,2010,Museum of the Bible
1274,Head of King Sargon II ,Yes,2015,USA,Iraq,Limestone,Iraq,"Limestone head dating to 713 BCE, depicting Assyrian King Sargon II, and originally part of a statue of the King represented as a Lamassu or a winged bull.",Sculpture,,3,"Palace of Sargon II in Nineveh, a town on the Tigris River north of Baghdad; looted around 2008.

",2008,,Hassan Fazeli,,
1284,Idealized Greek King from Bubon,Yes,2023,USA,Türkiye,Bronze,Türkiye,"Bronze head of a man with incised beard and mustache 
Bronze right leg of a man 
",Sculpture,Roman,2,"Bubon, Türkiye",circa 1965,,Jerome Eisenberg,"Head: 2003 
Leg: 1968 ",Boston Museum of Fine Arts
1670,The Dancing Shiva,Yes,2014,Australia,India,Bronze,India,"This 11th Century Chola bronze shows Shiva Natarajah. Kapoor described  as ""the largest, most significant Chola Period sculpture of this subject to appear on the market in a generation."" ",Sculpture,Chola,3,"Sivan Temple, Sree Puranthan Village, Tamil Nadu, India",2006,India,Subhash Kapoor,2008,National Gallery of Australia
1689,Antefix from Pompeii,Yes,2014,Canada,Italy,Terracotta,Italy,Terracotta  antefix with a mask head,Architectural Element,Roman,2,Pompeii,1964,Pompeii,,,
1697,"Old Summer Palace Zodiac Fountainheads: Ox, Monkey and Tiger",Yes,2000,China,China,Bronze,China,"Sculpted bronze heads of a monkey (18 in.), ox (17 in.) and tiger","Sculpture – statues, carvings, bronzes, reliefs, figurines",Qing Dynasty (China),2,"Yuanmingyuan, or Old Summer Palace in Beijing",1860,Poly Art Museum in Beijing,,,
1728,Qing Dynasty Bronze Rabbit and Rat Fountainheads,Yes,2013,France,China,Bronze,China,Two bronze fountainheads of a rabbit (45 x 35 cm) and a rat (30 x 40 cm),Ornament,Qing Dynasty Chinese ,2,,1860,National Museum of China,,,
1743,Cycladic standing female figure and frying pan,Yes,2014,Germany,Greece,Marble,Greece,"Cycladic standing female figure, marble (89 cm)

Cycladic ""frying pan"",  chlorite schist stone (15.9 cm height, 16.2 cm diameter)","Sculpture – statues, carvings, bronzes, reliefs, figurines",Cycladic ,3,,,National Archaeological Museum in Athens,,1975,Baden State Museum (Das Badische Landesmuseum Karlsruhe)
1752,Gandharan Relief from Afghanistan's National Museum ,Yes,2012,Germany,Afghanistan,Limestone,Afghanistan,One-foot-tall Gandharan limestone relief depicting eight figures. ,Architectural Element,Gandhara,3,,1990s,"Kabul, Afghanistan",,,National Museum of Afghanistan
1758,Bronze Statue of Dionysus ,Yes,2002,UK,Türkiye,Bronze,Türkiye,"Bronze Statue of Dionysus (right arm missing) ,1.36 meters  h. ","Sculpture – statues, carvings, bronzes, reliefs, figurines",Roman,4,,,"Museum of Anatolian Civilizations, Ankara",,,
1759,Headless Sculptures of Artemis and Apollo,Yes,2008,Greece,Albania,Marble,Albania,"A. Headless Sculpture of Artemis, marble (approx. 1.2 meters), 2nd century BCE

B. Headless Sculpture of Apollo, marble (approx. 1.2 meters), 2nd century CE","Sculpture – statues, carvings, bronzes, reliefs, figurines",Greek,3,"Phoenice,  Albania | Butrint, Albania",1991,Butrint Archaeological Museum,,,Archaeological Museum of Pireus
1765,Axum Obelisk,Yes,2005,Italy,Ethiopia,Stone,Ethiopia,"A 17ft carved graphite pillar, one of six smaller obelisks that surrounded a central megalith in Axum's central plaza. It was removed and repatriated in three multi-ton pieces. ",Obelisk,Kingdom of Axum,5,"Axum, Ethiopia",1937,"Aksum, Tigray region, Ethiopia",,1937,
1785,Shroud of Gothenburg,Yes,2014 | 2010-2021,Sweden,Peru,Textile,Peru,"88 ancient Paracas textiles fragments, as well as the unique Calendar textile. ","Textile – fabrics, clothing, fiber-based objects",Paracas,2,Paracas Peninsula,1930s,"Archaeology and Anthropology Museum in Pueblo Libre, Peru",,1935,Museum of World Culture in Gothenburg
1848,Pandava,Yes,2014,USA,Cambodia,Sandstone,Cambodia,A 10th-century sandstone scultpure of a mythological figure known as Pandava. The sculpture is missing its lower half and portions of its hands. The statue is from Khmer's Koh Ker style dating to the 10th Century CE. ,"Sculpture – statues, carvings, bronzes, reliefs, figurines",Khmer,5,"Prasat Chen Temple, Koh Ker, Cambodia",1970s,,Douglas Latchford,,
1850,Stela Fragment from El Peru,Yes,1999,USA,Guatemala,Limestone,Guatemala,The central section of a limestone carved Mayan stela depicting the Mayan Sun God (Kinich Ahau) holding the head of an enemy. ,"Monument – obelisks, stelae, tombstones, totem poles | Fragment",Maya,3,"El Peru, Peten region, Guatemala",1970 or earlier,"National Museum of Mayan Art: Archeology and Ethnology, Guatemala City, Guatemala",,,
1892,The Aubin Tonalamatl,Yes,1982,France,Mexico,Wood | Various,Mexico,A paperbark codex (book) of several folios (pages) depicting a calendar used by priests to mark religious rituals. ,"Information Artifact – books, seals, plaques, scrolls",Aztec,2,"Tlaxcala region, Mexico",No later than the mid-1700s C.E. | Stolen in 1982,"Biblioteca del Instituto Nacional de Antropología e Historia, Mexico City",,1982,Bibliotheque Nationale (France)
1939,G’psgolox Totem Pole,Yes,2006,Sweden,Canada | Indigenous or sovereign nation/tribe,Wood,Canada | Indigenous or sovereign nation/tribe,"Wooden mortuary totem pole depicting the spirit Tsooda, the spirit Asoalget, and an underwater grizzly bear","Monument – obelisks, stelae, tombstones, totem poles | Funerary Object – coffins, mummy portraits, grave goods",Haisla,5,"Mis'kusa, Kitlope Valley, British Columbia, Canada",1928,"Unknown graveyard, Kitlope Valley, Canada.",,1929,The Museum of Ethnography (Sweden)
1941,Head of Asclepius,Yes,2009,Italy,Albania,Marble,Albania,"A sculpted head of man with long curly hair and a beard, possibly Asclepius or Zeus.  ","Sculpture – statues, carvings, bronzes, reliefs, figurines",Greek,2,"Butrint, Albania",1991,"National Museum of History, Tirana, Albania",,,
2025,Three Roman Heads from Butrint,Yes,2003,Greece,Albania,Marble,Albania,Three Roman-era marble heads,"Sculpture – statues, carvings, bronzes, reliefs, figurines",Roman,2,"Butrint, Albania",1991,"Archaeological Museum of Butrint, Albania",,,
2048,Nazlet Khater Man,Yes,2015,Belgium,Egypt,Human Remains,Egypt,"A 35,000 year-old adolescent male skeleton dubbed ""Nazlet Khater Man""",Human Remains,Paleolithic Period,4,"Nazlet Khater, Egypt",Scientifically excavated in 1980,"National Museum of Egyptian Civilization in Fustat, Old Cairo",,1980,
2063,Michael Ward Collection,Yes,2023,USA,Italy | Greece | Türkiye,,Türkiye | Greece | Italy,"19 from Greece
16 from Italy
5 from Turkey",,Various,,Unknown,Unknown,,Michael Ward,,
2068,Stele of Lakshmi-Narayana,Yes,2021,USA,Nepal,Stone,Nepal,An stone scuplture of Lakshmi-Narayana depicting two deities joined together: Narayana (an avatar of Vishnu) and his consort Lakshmi.,"Sculpture – statues, carvings, bronzes, reliefs, figurines",Thakuri Dynasty,2,"Patan, Nepal",1984,"Kathmandu, Nepal",,2007 (pledged),Dallas Museum of Art
2071,Rubin Bhairava Mask,Yes,2023,USA,Nepal,Copper | Gold Leaf,Nepal,"Gilt copper Bhairava Mask from the 16th Century and used during Nepal's annual Indra Jātrā festival.
Dimensions: 28 x 27 1/4 x 19 in.","Sculpture – statues, carvings, bronzes, reliefs, figurines",,3,"Dolakha,  Nepal",1994,,,2005,
2072,Dallas Bhairava Mask,Yes,2023,USA,Nepal,Copper | Other,Nepal,"A gilt copper Bhairava mask adorned with gemstones, dating circa 16th century CE. ","Sculpture – statues, carvings, bronzes, reliefs, figurines",Possibly Malla Dynasty. Not confirmed.,2,"Dolakha, Nepal",1994,"Dolakha, Nepal",,Possibly 1995,Dallas Museum of Art
2075,Bronze Durga,Yes,2023,UK,Vietnam,Bronze,Vietnam,"7th Century bronze Durga, a Hindu goddess, from Mỹ Son Sanctuary, central Vietnam. 
Dimensions: h 6 feet (2 meters); weight: more than 500 pounds (250 kilograms).",Sculpture,Champa Kingdom,4,"Mỹ Sơn Sanctuary,  central province of Quảng Nam, Vietnam.",2008,,Douglas Latchford,,
2078,Kneeling Ruler,Yes,2023,USA,Egypt,Bronze,Egypt,"An Egyptian bronze figurine of a kneeling ruler or priest. Its height is 16.3 cm from the top of the head to the balls of the feet and base of the knees, its support points. The tops of the legs are still corroded and the right arm is missing.
","Sculpture – statues, carvings, bronzes, reliefs, figurines","Third Intermediate Period, Pharaonic Egyptian",2,Unknown,2005 or before,"National Museum, Cairo, Egypt",Georges Lotfi,2006,Metropolitan Museum of Art
2080,Veiled Head of a Lady,Yes,2022,USA,Libya,Marble,Libya,"An intricate marble sculpture dating to approximately the 4th century BCE, measuring 12 inches tall.","Sculpture – statues, carvings, bronzes, reliefs, figurines",Greek,2,Necropolis of Cyrene,,"Possibly Cyrene Museum,  Shahhat, Libya",,1997,Metropolitan Museum of Art
2082,Met Benin Bronzes,Yes,2021,USA,Nigeria,Brass | Bronze,Nigeria,"Two 16th-century brass plaques created at the Court of Benin, and a brass head produced in Ife around the 14th century. 

","Information Artifact – books, seals, plaques, scrolls",Benin | Ife,2,Looted by the British army in an 1897 raid on Benin City and its Royal Palace,1897,"Nigerian National Museum, Lagos",,1991,Metropolitan Museum of Art | British Museum
2090,Portrait Head of Caracalla,Yes,2023,USA,Türkiye,Bronze,Türkiye,"A fragmentary bronze portrait bust of the emperor Caracalla. The preserved portion shows the face, left ear, some of the hair and beard, and some of the neck, all with a uniform green patina. The preserved portion is approximately 21.6cm tall.","Sculpture – statues, carvings, bronzes, reliefs, figurines",Roman ,2,Bubon,1967,Antalya Museum,Robert Hecht ,1989,Metropolitan Museum of Art
2091,Septimius Severus,Yes,2023,USA,Türkiye,Bronze,Türkiye,A headless bronze statue of the Roman emperor Septimius Severus,"Sculpture – statues, carvings, bronzes, reliefs, figurines",Roman,5,"Bubon (Cibyratis region, Burdur Province, Türkiye)",May 1967,Antalya Archeological Museum,Charles Lipson | Robert Hecht,2011,Metropolitan Museum of Art | Boston Museum of Fine Art
2092,Perge Theater Head,Yes,2023,USA,Türkiye,Marble,Türkiye,"A marble Theater Head from Perge, Türkiye, dating to 290 CE.
","Sculpture – statues, carvings, bronzes, reliefs, figurines",Roman,3,"Perge, Türkiye",1960s,Antalya Museum,,2012,Metropolitan Museum of Art
2095,Mummy of Ramesses I,Yes,2003,USA,Egypt,Human Remains,Egypt,A nearly complete embalmed mummy believed to be Pharaoh Ramesses I,"Human Remains – skeletons, mummies","New Kingdom, Pharaonic Egyptian",4,"Valley of the Kings tomb KV16 near Luxor, Egypt",1860s,Luxor Museum,,1999 (Carlos Museum),Niagara Falls Museum  | Carlos Museum
2119,Fowler Ashanti Returns,Yes,2024,USA,Ghana,Various,Ghana,"A ""sika mena"" (elephant tail whisk), two royal stool ornaments, a gorget (royal necklace) or stool ornament, bracelets and/or anklets, and an ""asipim"" (ornamental chair).","Jewelry – bracelets, rings, personal decoration | Other",Asante,1 | 2,Asante City (today's Kumasi),1874,"Manhyia Palace, Kumasi, Ghana",,1965,Fowler Museum (UCLA)
2121,Chugach Grave Goods,Yes,2018,Germany,USA | Indigenous or sovereign nation/tribe,Various,USA | Indigenous or sovereign nation/tribe,"Chugach grave goods, including several masks, a wooden idol and a baby basket.","Funerary Object – coffins, mummy portraits, grave goods",Chugash People (Alaska),2,"Kenai Peninsula, Alaska",1882 - 1884,"Local community centers and museums, Chugach, Alaska",Johan Adrian Jacobsen,1800s,Berlin’s Ethnographic Museum
2131,Nine Gandharan Heads and a Torso,Yes,2019,UK,Afghanistan,Clay | Stone,Afghanistan,"10 Gandharan sculptures, comprising nine individual clay heads from different sculptures as well as one headless grey schist torso of the Bodhisattva, were likely from c. 4th century C.E. Buddhist monasteries, all pre-dating the adoption of Islam.  ","Sculpture – statues, carvings, bronzes, reliefs, figurines",Gandharan,3,,c. 2001 C.E. or before,National Museum of Afghanistan,,2002,British Museum
2132,Douglas Latchford Collection ,Yes,2021,UK,Cambodia | Vietnam,Various,Cambodia | Vietnam,"Various medium-large sized partial or whole sandstone sculptures of deities or royals from pre-Angkor and Angkorian Khmer Cambodia. Other items are jewelry and adornments associated with the sculptures, Cham sculpture from Vietnam (at least one), and other smaller items. ","Sculpture – statues, carvings, bronzes, reliefs, figurines | Jewelry – bracelets, rings, personal decoration",Khmer,5,Various,Mostly 1975 or earlier,"National Museum of Cambodia, Phnom Penh",Douglas Latchford ,,
2133,"The ""Kim Kardashian"" Forfeiture",Yes,2021,USA,Italy,Marble,Italy,"A partial Roman statue made of marble, identified as a Fragment of Myron's Samian, c. 1st – 2nd century A.D.","Sculpture – statues, carvings, bronzes, reliefs, figurines",Roman ,4,,2011 or earlier,"Rome, Italy",Axel Vervoordt,,
2134,Skanda on a Peacock,Yes,2021,USA,Cambodia,Sandstone,Cambodia,"A sandstone sculpture depicting the Skanda, venerated as a god of war in India, sitting astride a peacock. ","Sculpture – statues, carvings, bronzes, reliefs, figurines",Khmer,4,"Prasat Krachap temple at Koh Ker, Cambodia",September 1997,"Phnom Penh, Cambodia",Douglas Latchford,2000,
2139,Ivory Mask of Apollo,Yes,2003,UK,Italy,Other,Italy,A Chryselephantine (silver and ivory) mask depicting Apollo from the 1st century BCE,"Jewelry – bracelets, rings, personal decoration | Sculpture – statues, carvings, bronzes, reliefs, figurines",Greek,2,"Baths of Claudius, north of Rome, Italy",1994,National Museum of Rome,Nino Savoca | Robin Symes,,
2144,"32 Papyri Fragments Stolen From the Egyptian
Exploration Society",Yes,2021,USA,UK,Other,Egypt | UK,,"Information Artifact – books, seals, plaques, scrolls",,1,"Oxyrhynchus, Egypt",,Oxford University's Sackler Classics Library,Dirk Obbink,2010-2013,Museum of the Bible
2145,Neil Kingsbury Collection,Yes,2014,UK,Egypt,Granite | Limestone,Egypt,"•	Part of a red granite inscription measuring 22.8 cm x 14.8 cm depicting a southern captive which was part of a statue base of Amenhotep III discovered by the German mission working in Kom El Hitan in Luxor.
•	A 12 cm coloured limestone cobra's head with sun disk between bull horns and behind it, a lotus flower. It is dated to New Kingdom.
•	A 6.7 cm bust from the Middle Kingdom showing a man with a long wig.
•	A limestone statue head of a woman wearing a short wig dated to New Kingdom and measuring approx. 9 cm.
•	A part of a limestone relief, dated to New Kingdom, measuring 18.4 cm x 14.6 cm showing a person standing with his hand on his chest. 
•	A limestone relief dated to New Kingdom measuring 17 cm x 9.8 cm showing a person wearing a long wig with traces of red and yellow colours. ","Sculpture – statues, carvings, bronzes, reliefs, figurines | Fragment",Egyptian,1 | 2,One of the objects was excavated at King Amenhotep III temple in Thebes in 2000 and later stolen from storage.,2000,Egypt,"Mohammed (last name unknown), owner of a series of souvenir shops in Luxor",,
2148,Varaha Rescuing the Earth,Yes,2016,USA,India,Stone,India,"A phyllite stele of a Varaha rescuing the earth (the ""Stele ofVaraha""), dated to the 9th -10 th century, measuring approximately 46 inches by 22.75 inches.","Sculpture – statues, carvings, bronzes, reliefs, figurines",Pala Dynasty,3,Unknown,1996 or earlier,India,Subhash Kapoor,2001,Toledo Museum of Art
2149,Kingfisher Fort Headdress,Yes,2011,USA,USA | Indigenous or sovereign nation/tribe,Various,USA | Indigenous or sovereign nation/tribe,A Kingfisher Fort Headdress from the late 19th – early 20th century,"Religious Work – crucifixes, shrine objects, icons, religious texts",The Lúkaaxh.ádi clan of the Tlingit tribe of Alaska,2,,,,Earl Stendahl,1955 (acquired by the VMFA from the PAM),Virginia Museum of Fine Art | Portland Art Museum
2150,Icklingham Bronzes,Yes,1993,USA,UK,Silver | Bronze,UK,"Sixteen partial or complete cast bronze busts of various Roman rulers and nobility, including a small leopard figurine.","Sculpture – statues, carvings, bronzes, reliefs, figurines",Romano-British,2,"Icklingham, England",1981,British Museum,Torkom Demirjian,1993,British Museum
2151,Chalcatzingo Monument 9,Yes,2023,USA,Mexico,Stone,Mexico,Monument 9—a large-format piece measuring 1.8 meters in height and 1.5 meters in width and weighing approximately one ton— dates from the Middle Preclassic period (800-400 BC),"Monument – obelisks, stelae, tombstones, totem poles",Olmec,4,Chalcatzingo,1962,"Museo Regional de los Pueblos de Morelos, Cuernavaca, Mexico",,,
2153,Alabaster Ram,Yes,2023,USA,Yemen,Alabaster | Silver,Yemen,"A 5th century BCE alabaster ram with an inscribed base 
An alabaster funerary marker dating to the 2nd century B.C.E. depicting a female deity
A silver vessel with inscription dating to 200-300 C.E. ","Funerary Object – coffins, mummy portraits, grave goods",Qatabanian,2,"Hayd bin Aqil necropolis, Shabwa, Yemen",1994,Possibly the National Museum of Yemen,Robin Symes,,
2154,Shelby White Collection,Yes,2023,USA,Italy | Greece | Türkiye,Various,Italy | Türkiye | Greece,2008 Seizure<br />2 returned to Greece<br />8 returned to Italy<br /><br />2023 Seizure<br />28 returned to Greece<br />32 returned to Italy<br />3 returned to Yemen<br />1 returned to Lebanon<br />1 returned to Iraq<br />2 returned to Iran<br />1 returned to Egypt<br />2 returned to China<br />5 returned to Afghanistan<br />14 returned to Turkiye,Various,Various,,Various,Various,Various ,Various,Various,Metropolitan Museum of Art
2155,The Acoma Shield,Yes,2019,France,USA | Indigenous or sovereign nation/tribe,Various,USA | Indigenous or sovereign nation/tribe,A decorated hide shield with feathers featuring the face of a Kachina.,"Religious Work – crucifixes, shrine objects, icons, religious texts",The Pueblo of Acoma,3,"Sky City Village, The Pueblo of Acoma",1970s,"Sky City Village, Acoma Pueblo, New Mexico",,,
2158,"Nagaraja, the Serpent King",Yes,2020,Australia,India,Sandstone,India,"A red sandstone Nagaraja, 82.5 x 40.5 x 19.9 cm, with a serpent Naga behind the anthropomorphic figure that is missing all or most of its arms.","Sculpture – statues, carvings, bronzes, reliefs, figurines",Imperial Rajput Period,2,Rajasthan or Madhya Pradesh,1999 or earlier,,Subhash Kapoor,2006,National Gallery of Australia
2159,Saudi Aramco Returns,Yes,Between 1980 and 2019,USA | UK | France | Canada,Saudi Arabia,Various,Saudi Arabia,"<p>The Antiquities Homecoming Project has returned a range of objects including stone tools such as arrowheads, blades, axe heads, and grinding stones; pottery fragments and clay vessels, including a 4th-millennium BCE bevel-rim bowl; inscribed stones such as a Taymanitic block and a Greek-inscribed stele; coins and Babylonian stamp seals; Roman-era glass bracelets; figurines; and carved petroglyph fragments.</p>",Various,Prehistoric/neolithic | Mesopotamian | Pre-Islamic Arabia | Babylonian | Greco-Roman | Nabataean ,,,1950s-1960s,National Museum in Riyadh and other regional museums in Saudi Arabia,,since the 1960s,Harvard Semitic Museum
2161,Black Swan Hoard,Yes,2012,USA,Spain,Gold | Silver,Peru,17 tons of ancient silver and gold coins,"Currency – coins, weights, exchange goods",Spanish,1,"off Cape Santa Maria, Algarve, Portugal",2007,National Museum of Subaquatic Archaeology in Cartagena (Murcia),,,
2162,Benin Bronze Cockerel,Yes,2021,UK,Nigeria,Bronze,Nigeria,"A statue of male chicken cast using a lost wax process, modelled with comb, tail and spurs, and incised patterns representing feathers, mounted on a large square base which was often decorated with a guilloche pattern.","Sculpture – statues, carvings, bronzes, reliefs, figurines",Kingdom of Benin ,2,Kingdom of Benin ,1897,"National Commission for Museums and Monuments (NCMM), also known as the National Museum of Nigeria, Abuja, Nigeria",,,
2163,Capt. Herbert Walker Returns to Benin,Yes,2014 | 2019,UK,Nigeria,Bronze | Wood,Nigeria,"A so-called ""bird of prophecy"", known as an Oro bird; a bell used to invoke ancestors; two ""Itsekiri"" wooden ceremonial paddles.","Sculpture – statues, carvings, bronzes, reliefs, figurines | Religious Work – crucifixes, shrine objects, icons, religious texts",Benin Kingdom,1 | 3,"Royal Palace, Benin Kingdom",1897,National Museum of Nigeria,,2019,Pitt Rivers Museum
2169,Salerno Seizures,Yes,2018,Italy,Egypt,Various,Egypt,"21,660 ancient metal coins were found, in addition to 195 small pieces—funerary masks, amphorae, wooden sculptures, bronzes, Oshabti statuettes, and a sarcophagus lid.","Currency – coins, weights, exchange goods | Sculpture – statues, carvings, bronzes, reliefs, figurines | Funerary Object – coffins, mummy portraits, grave goods | Vessel – pots, amphorae, vases, kraters",Egyptian ,1 | 2 | 3,El Miniya,,The Egyptian Museum in Cairo,,,
2174,Demeter and Persephone,Yes,2007,USA,Italy,Marble,Italy,Two marble heads and associated hands and feet representing the Greek gods Kore and Demeter.,"Sculpture – statues, carvings, bronzes, reliefs, figurines",Greek,3,"Morgantina, Sicily",1979,"Archaeological museum of Morgantina, Sicily",Robin Symes,Between 1979-1988 (Getty Museum) | 2002 (Fralin Museum of Art at UVA),J. Paul Getty Museum | The Fralin Museum of Art at the University of Virginia
2175,Don Miller Collection,Yes,"2016 (MHA Nation, North Dakota, United States) | 2018 (Colombia) | 2018 (Canada) | 2019 (China) | 2019 (Mexico) | 2020 (Haiti) | 2020 (Papua New Guinea) | 2022 (Peru) | 2022 (Pokagon Band Potawatomi, Indiana and Michigan, United States) | 2022 (Olgala Sioux Nation, South Dakota, United States) | 2022 (Dominican Republic)",USA,Haiti | Papua New Guinea | Mexico | China | Indigenous or sovereign nation/tribe,Various,,"The collection contained about 42,000 items, including Native American artifacts, human remains, and objects from South America, Asia, the Caribbean, and the Pacific. Seized material included roughly 7,000 items, specific examples include 2,500-year-old Chinese jewelry, a dugout canoe from the Amazon, dinosaur eggs, a fossilized crocodile skull, Ming Dynasty vases, shrunken heads, Aztec figurines, and Celtic axes.<br /><br />A significant portion of the collection consisted of human remains taken from Indigenous burial sites across the United States and Mexico. Thousands of bones were recovered, but osteological analysis revealed that Miller had often combined pieces from different individuals (e.g., skulls, mandibles, and teeth) into composite displays described as “Frankenstein-like” that he would show to guests invited to his private collection. This staging inflated earlier estimates of 500 skeletons; later assessment suggested a more accurate total of about 168 individuals.",Various,various,,various,various,,,,
2178,Néstor Janeir Collection,Yes,2016,Argentina,Peru | Ecuador,Ceramic | Other,Peru | Ecuador,"More than 3,000 items belonging to Peru and 439 to Ecuador, made of ceramic, shell, bone, etc.",Various,"Mochica, Chavín, Cupisnique, Chancay and Inca cultures",2,Various,,"Lima, Peru and Quito, Ecuador",Néstor Janeir Aude | Carlos Languasco | Carlos Osona | Enrique Álvarez | José Arias,,
2179,Leonardo Patterson Collection,Yes,2006 (273 objects retuned to Peru) | 2015 (Two Olmec heads were returned to Mexico),Germany,Mexico | Peru,Various,Mexico | Peru | Guatemala | Costa Rica | Colombia | Ecuador,"More than a thousand Pre-Colombian antiquities, including terra-cotta, basalt stone and limestone busts; terra-cotta kettles and urns; obsidian and stone projectile tips and knives; braziers and incense burners; obsidian ornaments; stone seals; incense holders; cases; and necklaces and strings.",Various,Various Pre-Colombian,1 | 2,Various,Various,Mexican National Museum of Anthropology (the two wooden Olmec figurine heads) | Possibly the National Museum of Peruvian Culture,Leonardo Patterson,,
2185,Aydin Dikmen Collection,Yes,2014,Germany,Cyprus,Various,Cyprus,207 Cypriot antiquities,"Visual Work – paintings, frescos, mosaics | Religious Work – crucifixes, shrine objects, icons, religious texts",Byzantine ,1 | 2,North Cyprus,after 1974,"Some of the mosaics reside in the Kanakaria Church, other items were returned to the Archbishop Makarios III Museum, Nicosia, Cyprus",Aydin Dikmen | Michel van Rijn | Serafim Dritsoulas,,
2186,Lysi Frescoes ,Yes,2012,USA,Cyprus,Lime Plaster | Paint,Cyprus,A set of 13th-century Byzantine frescoes plundered after Türkiye invaded Cyprus and displayed in Houston for 15 years before their return to Cyprus.,"Visual Work – paintings, frescos, mosaics",Byzantine,5,"Lysi, Cyprus",1974,"Byzantine Museum, Nicosia, Cyprus",Aydin Dikmen | Michel van Rijn,1984,Menil Collection 
2187,Antiphonitis Icons ,Yes,2013,Netherlands,Cyprus,Various,Cyprus,"Four Byzantine icons depicting Apostles Peter, Paul, John and Mark","Visual Work – paintings, frescos, mosaics",Byzantine,3,"Church of Christ Antiphonitis, Krenia District, Cyprus",1975,"Archbishopric, Nicosia, Cyprus. Possibly Antiphonitis Church",Edouard Dergazarian | Michel van Rijn,,
2188,The Savior on the Throne,Yes,2022,Switzerland,Cyprus,Gold Leaf,Cyprus,"16th-century icon of the Savior on the Throne, stolen from the Church of Christ Antiphonitis in the village of Kalograia","Visual Work – paintings, frescos, mosaics",Byzantine,3,"Church of Christ Antiphonitis in the village of Kalograia (Kyrenia district, Northern Cyprus)",1975,Possibly the Archbishopric Palace of the Holy Archdiocese of Cyprus in Nicosia,Aydin Dikmen,,
2191,Portrait of the Emperor Caracalla as a Youth,Yes,2023,USA,Türkiye,Bronze,Türkiye,A bronze portrait head of the emperor Caracalla as a youth. It is approximately 11.5 inches tall and has a uniform patina.,"Sculpture – statues, carvings, bronzes, reliefs, figurines",Roman,3,Bubon,1967,"Antalya Museum, Antalya,  Türkiye  ",Robert Hecht,2007,"Fordham Museum of Greek, Etruscan and Roman Art"
2192,The Emperor's Daughter,Yes,2023,USA,Türkiye,Bronze,Türkiye,A bronze bust showing the head and upper body of a royal woman. It is approximately 21 inches tall. ,"Sculpture – statues, carvings, bronzes, reliefs, figurines",Roman,3,Bubon,1967,Antalya Museum,Robert Hecht,1966,Worcester Art Museum
2193,Bubon Portrait Head,Yes,2023,USA,Türkiye,Bronze,Türkiye,"A patinated bronze bust of a bearded man, partially complete, showing details of the hair and beard. Its dimensions are approximately 29.2 x 21.6 x 21.6 cm","Sculpture – statues, carvings, bronzes, reliefs, figurines",Roman,2,Bubon,circa 1967,Antalya Museum,Robert Hecht | Matthias Komor,1971,Santa Barbara Museum of Art
2194,Lucius Verus,Yes,2023,USA,Türkiye,Bronze,Türkiye,"A nearly complete bronze statue of Lucius Veres, missing its right arm. It is 74.5 inches tall. ","Sculpture – statues, carvings, bronzes, reliefs, figurines",Roman,4,Bubon,1967,Antalya Museum,Charles Lipson,1974 (Indianapolis Museum of Art loan) | 1996 (Harvard University Art Museum loan) | 1985 (Metropolitan Museum of Art loan),Indianapolis Museum of Art | Harvard University Art Museum | Metropolitan Museum of Art
2197,Sarcophagus of Ankhenmaat,Yes,2022,USA,Egypt,Wood,Egypt,"A 9.5ft long wooden mummiform sarcophagus lid once belonging to the priest Ankhenmaat. It is painted mostly black, but the  face on the lid is painted green. Lines of heiroglyphics decorate the lower half, with indications of water or insect damage. ","Funerary Object – coffins, mummy portraits, grave goods",Late Dynastic Period Egyptian,5,"Abusir al-Malaq, Egypt",2008 or before,"Cairo, Egypt",Serop Simonian (Switzerland),2013 (Houston Museum of Natural Sciences) | 2008 (Michael C. Carlos Museum),Houston Museum of Natural Sciences | Michael C. Carlos Museum (Emory University)
2200,Robert Olson Collection,Yes,2017,USA,Thailand,Ceramic | Bronze | Marble,Thailand,Ban Chiang pottery and jewelry ,"Vessel – pots, amphorae, vases, kraters | Jewelry – bracelets, rings, personal decoration",Ban Chiang | Various,1 | 2,"Ban Chiang, Thailand  | Various","After 1957, when Ban Chiang was discovered","Ban Chiang Museum, Thailand | National Museum, Bangkok",Robert Olson,2008 or before,Los Angeles County Museum of Art | Mingei Museum  | Pacific Asia Museum  | Bowers Museum  | UC Berkeley Art Museum | MacLean Asian Art Museum 
2201,Subhash Kapoor Collection ,Yes,Various,USA,India | Cambodia | Pakistan | Nepal | Thailand | China,Various,India | Thailand | Cambodia | Pakistan | Afghanistan | Nepal | China,"#            Value                    Country of origin     

2315	$42,168,500	India
201	$34,140,000	Pakistan, Afghanistan, Kashmir
33	        $8,700,000	Cambodia /Thailand
19	        $716,000	        Nepal/Tibet
7	        $160,000	        China",Various,Various (many items are Chola Period bronzes from Tamil Nadu),,Various (many items are thefts from known temples),various,Various,Subhash Kapoor,,
2206,Returns by Decade,,,,,,,,,,,,,,,,
2207,Cases by Returning Country,,,,,,,,,,,,,,,,
2208,Cases by Returner,,,,,,,,,,,,,,,,
2209,Cases by Receiver,,,,,,,,,,,,,,,,
2211,Market Size,,,,,,,,,,,,,,,,
2212,Cambodian Iron Age Jewelry with Human Remains,Yes,2011,Australia,Cambodia,Bronze | Human Remains,Cambodia,"A variety of bronze bangles, bracelets, earrings and finger rings, corroded green and, in some instances, fused together. Many of the artifacts contained soil and fragmented human remains from both adults and children.","Jewelry – bracelets, rings, personal decoration | Human Remains – skeletons, mummies",Iron Age Cambodia,1,Cemeteries most likely in northwest Cambodia,2010 or earlier,"National Museum of Cambodia, Phnom Penh",Frank Bottaro,,
2225,Ball State Shiva and Parvati,Yes,2015,USA,India,Bronze,India,A Chola Period Festival Bronze of Shiva and Parvati ,,"Chola Period, circa 860 - 1279 C.E.",3,"Possibly the Sivan temple located at Deepambalpuram, Tamil Nadu. ",Possibly 2004,,Subhash Kapoor,2005,David Owsley Museum of Art
2226,Figure from Ancestral Altar Dedicated to Oba Ovonramwen,Yes,2014,USA,Nigeria,Bronze,Nigeria,"Figure from ancestral altar dedicated to Oba Ovonramwen, from the Kingdom of Benin. 
Dimensions: 21 in (53.3 cm). ",Sculpture,Nigerian,2,"Benin City, Nigeria",1976,Nigeria ,,2014 (not accessioned),Boston Museum of Fine Arts
2230,Gold Funerary Wreath,Yes,2006,USA,Greece,Gold | Glass,Greece,"Funerary wreath from approximately 400 BCE, composed of solid gold foliage with blue and green glass inlays; similar to those found in ancient Macedonia.
",Funerary Object,Greek,2,"Near Serres, northern Greece",1990,,Christoph Leon ,1993,J. Paul Getty Museum
2232,Guardian from the Five Dynasties Tomb,Yes,2001,USA,China,Marble,China,"A complete marble wall panel, possibly depicting the Tang-Liang Dynasty military governor Wang Chuzhi himself.  It shows an approximately life-size adult male figure in full regalia, with traces of pigment. It is one of several that lined Wang Chuzhi's tomb. In total, 10 relief sculptures and wall paintings were taken.  
","Funerary Object – coffins, mummy portraits, grave goods | Architecture – antefixes, doors, sconces, friezes",Chinese,4,"c. 10th century tomb of Wang Chuzhi in western Xiyanchuan Village, Hebei Provence",1994,"National Museum of China, Beijing",Man Kim,,
2233,Head of Alexander,Yes,2019,USA,Italy,Marble,Italy,Fragmented marble sculpture depicting Alexander as the god Helios; probably dates to 300 BCE.,Sculpture,Greek,2,"Basilica Emilia, northern portion of the Roman Forum on the Via Sacra.",after 1909,,Alan Safani,,
2234,Teotihuacán Murals,Yes,1986,USA,Mexico,Lime Plaster | Volcanic Rock,Mexico,"70 Aztec mural pieces, ranging from a few inches to 14ft in length. The murals are 3-5 inches thick, and are made from volcanic rock that was covered with a thick layer of lime, in order to paint the fresco images on top. Iconography on the murals include priest-deities, warriors, birds, feathered serpents, and other animalistic deities. ","Architecture – antefixes, doors, sconces, friezes",Aztec,3,Teotihuacán (underground chamber near the Pyramid of the Sun),Early 1960s ,Teotihuacán,,1978,M.H. de Young Memorial Museum (Fine Arts Museums of San Francisco)
2235,Gold Coffin of Nedjemankh ,Yes,2019,USA,Egypt,Wood | Gold Leaf | Silver | Other,Egypt,"The coffin of Nedjemankh dates to the 1st century BCE, and belonged to the Priest of the Ram-God, Heryshef of Herakleopolis Magna. The surface is covered entirely in a thin layer of gold leaf, and common Egyptian motifs including Book Of The Dead spells, thin silver on the inside of the lid, an Osirian djed pillar, and common axially spiritual features of Egyptian life.  The eyes are inlaid with a lapis-lazuli resin.",Funerary Object,Egyptian,5,"Herakleopolis, Egypt",2011,"National Museum of Egyptian Civilization, Egypt",Richard Semper | Christophe Kunicki | Serop Simonian | Simon Simonian,2017,Metropolitan Museum of Art
2236,Angkorian Deified King,Yes,2023,USA,Thailand,Copper,Thailand,Standing male figure of gilt-copper alloy and inlaid with silver,"Sculpture – statues, carvings, bronzes, reliefs, figurines",Angkorian or Khmer Empire,3,"Ban Yang Pong Sadao, Lahan Sai district, Buriram province, Thailand",circa 1975,"National Museum, Bangkok",Douglas Latchford,1988,Metropolitan Museum of Art
2240,Torso of Rama,Yes,2016,USA,Cambodia,Sandstone,Cambodia,"The Torso of Rama is a monumental sandstone sculpture of Rama
with a quiver behind his right shoulder. The piece dates to the early
10th century, and stands 62 inches high and is missing its head, arms
and feet.","Sculpture – statues, carvings, bronzes, reliefs, figurines",Khmer,4,"Prasat Chen Temple, Koh Ker, Cambodia",1970s,,Douglas Latchford,1986,Denver Art Museum
2241,Goddess of Transcendent Wisdom,Yes,2022,USA,Cambodia,Bronze | Sandstone,Cambodia | Vietnam,"<p>Goddess of Transcendent Wisdom (Prajnaparamita): <br />Standing figure sculpture made from sandstone, of the Goddess of Transcendent Wisdom (Prajnaparamita), dated to 1150–1200 during the Bayon period in Cambodia.</p>
<p>Sun God (Surya):<br />Standing figure sculpted from sandstone representing the Sun God (Surya), dated to the 600s–700s, from the Pre-Angkor period, originating from Cambodia or Vietnam.</p>
<p>Lintel with the Sleep of Vishnu and the Birth of Brahm:<br />Sandstone sculpture, dated to the late 7<sup>th</sup> century, from Cambodia’s Pre-Angkor period. </p>
<p>Bell:<br />Bronze bell from Cambodia, dated to the 1st century BCE, Iron Age.</p>","Sculpture – statues, carvings, bronzes, reliefs, figurines",Khmer,4,"Various locations in Cambodia, and one possibly from Vietnam",approx. 1970s,,Douglas Latchford | Emma Bunker,2000 | 2004 | 2005,Denver Art Museum
2242,El Zotz Lintel 1,Yes,1998,USA,Guatemala,Wood,Guatemala,Carved wood lintel depicting ruler with hieroglyphic text,"Monument – obelisks, stelae, tombstones, totem poles | Architecture – antefixes, doors, sconces, friezes",Maya,5,"Structure M7-1, El Zotz, Guatemala",1966-1968,"Museo Nacional de Arqueología y Etnología, Guatemala City, Guatemala",Edward H. Merrin,1973,Denver Art Museum
2246,Lalibela Cross,Yes,1999,Belgium,Ethiopia,Brass,Ethiopia,"One of Ethiopia s most precious valuables, the Afro Ayigeba is a richly decorated metal cross some sixty centimeter long. ","Religious Work – crucifixes, shrine objects, icons, religious texts",Orthodox Ethiopian Christianity,3,"Lalibela, Ethiopia",9 March 1997,"Church of Bete Medhane Alem in Lalibela Amhara Region, Ethiopia",Unnamed,1999,
2248,Dancing Krishna,Yes,2024,Thailand,India,Bronze,India,"DANCING KRISHNA South India, Tamil Nadu Chola Period, 12th century Bronze 
Height: 16 ¾ inches (42.6 cm) ","Sculpture – statues, carvings, bronzes, reliefs, figurines",Chola,2,,before 2005,India,Subhash Kapoor,2006,
2254,The Kahlúa Figurines,Yes,2022,Sweden,Mexico,Ceramic | Paint,Mexico,"The two ceramic figures belong to the pre-Colombian Shaft Tomb cultures, dating to 300 BC - 600 AD. The larger figure is a sitting helmeted individual with a raised hand. This piece is likely from Colima. The smaller figure is a kneeling female figure with a white face. This piece is likely from Nayarit and of the Chinesco Style.","Sculpture – statues, carvings, bronzes, reliefs, figurines","West Mexican Shaft Tomb Cultures (Larger Figure: Colima, Smaller Figure: Nayarit (Chinesco)",2,"Nayarit and Colima, Mexico",Pre-1965. (First appearance of figure in advertisement is in 1965),"Instituto Nacional de Antropología e Historia (Mexico City, Mexico).",,,
2255,Lewke's Cannon,Yes,2023,Netherlands,Sri Lanka,Bronze | Copper | Gold | Silver | Wood | Various | Gemstones/Precious Stones,Sri Lanka,"A small bronze cannon, ornamented with silver, gold, and gemstones. It bears a shield with symbols associated with the Kandyan kings, and a Sinhala inscription that records the name of the noble who had it made. The cannon is mounted on a painted wooden carriage, also decorated with flowers, animals, etc.","Equipment – weapons, helmets, tools, musical instruments","Kandyan, with European influences",4,"Kandy, Sri Lanka",1765,"Colombo National Museum, Colombo, Sri Lanka",,1927,"Rijksmuseum, Amsterdam"
2321,Stanley Museum Benin Bronzes,Yes,2024,USA,Nigeria,Wood | Bronze,Nigeria,"Wooden Hen Figure: dimensions 19 x 8 x 11 in. (48.26 x 20.32 x 27.94 cm). Description per Christopher Roy: Hen carved from one piece of wood; dark brown surface coloration. There is an iron nail at the outer side of the PL foot. Inscribed on the reverse: “Benin. WBSTR:1899”. Bottom is inscribed: Benin. W. Africa. WBSTR 1899. CMS316 is applied in red ink on both the side and the bottom…The post which projects from the back of the hen once supported a small elephant's tusk (Fagg 1968: no.150). The geometric patterns carved into the surface of the figure represent the bird's feathers. ""The design on the base is a kind of trademark of the carver's guild (""igbesanmwan"") and is called ""oba n'iri agbon"", the pattern of the rope of the world. It symbolizes infinity/endless wisdom of the ancestors"" (Ben-Amos 1978). The significance of the forms which sweep downward from the post, on either side of the body, has been the subject of some speculation (Pitt-Rivers 1900:84), although they appear to represent the bird's wings held in the mating gesture with tips brushing the ground… The hen's crest has been broken off, probably at the time the piece was removed from Benin. 

Bronze Relief Plaque: Dimensions 11 1/2 x 9 3/4 x 3/4 in. (29.21 x 24.77 x 1.91 cm). The brass plaque (called ama in Edo language) depicts a high-ranking officer from the Benin Court. Shown in relief before the schematic rendering of flora, he wears a woven cap, a beaded sash over the shoulder, a leopard-face pendant on the hip and a ceremonial sword (eben) in one hand. Condition reports indicate significant damage to the plaque, including a large, approximately 2.5-inch hole between the sword and the bicep along the forearm of the figure and a crack from the armpit to the bottom of the thigh on the right side.","Sculpture – statues, carvings, bronzes, reliefs, figurines | Religious Work – crucifixes, shrine objects, icons, religious texts | Fragment",Beninese (Edo People),2,Benin Royal Palace of Oba Ovonranwmen,1897,Royal Palace of the Oba of Benin,William Downing Webster,Wooden Hen: 1986 | Bronze Relief Plaque: 2001,University of Iowa Stanley Museum of Art
2373,Magdala Shield,Yes,2024,USA,Ethiopia,Wood,Ethiopia,"Hide shield with silver panels and rivets and the inscription ""Magdala 13th April 1868"" around the central  boss","Equipment – weapons, helmets, tools, musical instruments",Ethiopian highland culture,3,"Magdala, Central Ethiopia",13th April 1868,National Museum of Ethiopia,,,Toledo Museum of Art (loan)
2375,The Cleveland Bronze,Yes,2025,USA,Türkiye,Bronze,Türkiye,"The life-sized bronze statue, dating to the Roman Imperial period, depicts a toga-clad male figure in a poised, authoritative stance. The figure is headless, with finely detailed drapery and Roman sandals, and it is believed to be Marcus Aurelius. 

","Sculpture – statues, carvings, bronzes, reliefs, figurines",Roman,4,Bubon,1952 - 1967,,Robert Hecht | Charles S. Lipson | Edward H. Merrin,1986,Cleveland Museum of Art
2376,Bronze Head of a Griffin,Yes,2025,USA,Greece,Bronze,Greece,"Cast-bronze head of a griffin with an open mouth dated to the third quarter of the 7th century BCE, measuring H. 10 3/16 in. (25.8 cm). Potentially part of the decoration of a bronze cauldron rim used as a votive gift in Greek sanctuaries.","Sculpture – statues, carvings, bronzes, reliefs, figurines",Greek,2,"It was originally discovered in a riverbed of the Kladeos River in Olympia, in the Peloponnese region of Greece, in 1914 by the supervisor of the Archaeological Museum of Olympia.",Between 1914 and 1938,Greece,Theodore Zoumpoulakis | Joseph Brummer,1972,Metropolitan Museum of Art
2382,Proto-Corinthian Oinochoe,Yes,2024,Germany,Greece,Clay,Greece,"Jug with a large, flat bottom and a round body. A short neck leads to a trefoil mouth. The handle is missing. The clay is of a light beige colour. Traces of decoration are discernable on the shoulder.","Vessel – pots, amphorae, vases, kraters",Greek,2,"Southern end of the Korinth Canal, on the steep coast of the Saronic Gulf",1943,Greece,,1986,Museum August Kestner
2410,Wabanaki Ancestral Remains,Yes,2024,USA,USA | Indigenous or sovereign nation/tribe,Stone | Human Remains,USA | Indigenous or sovereign nation/tribe,"The remains of one person and grave goods, including red ochre, a plummet, four gouges, and two spearheads.","Human Remains – skeletons, mummies | Funerary Object – coffins, mummy portraits, grave goods",Wabanaki Nations,1 | 2 | 3,"Hancock, Knox, and Penobscot Counties, Maine: Burial items
Deer Isle, Hancock County, Maine: Human remains","1915: Burial items
1948 - 1952: Human remains",,,"1926: Burial items
1969: Human remains
","Peabody Museum of Natural History, Yale University"
2524,The Magdalene Tiberius,Yes,2017,USA,Italy,Marble,Italy,A portrait head of Tiberius with a break along the bottom of the neck.,"Sculpture – statues, carvings, bronzes, reliefs, figurines",Roman,2,"Sessa Aurunca, Campania, Italy",1944,,Jerome Eisenberg,,
2530,Head of a King (Oba),Yes,2022,USA,Nigeria,Bronze,Nigeria,"A bronze head (dimensions 26.7 x 19.7 x 21.6 cm)  representing an oba, or king, of the Edo people of Benin, West Africa.

Per Ugochukwu-Smooth C. Nzewi: Cast in bronze, the crown mirrors the coral-bead headdress worn by the oba (king). The actual beaded crown consists of tiny red beads stitched together with brown vegetable fiber. The beads carry the essence of the office of oba. A single cowrie shell sits on the forehead, flanked by three scarification patterns called ikharo above each amplified eye. The tubular bead-collar covers the neck and chin, extending all the way to the lower lip. With its remarkably stylized features, the crowned head is a portrait of elegant symmetry and dignified comportment. The absence of a flange at the base suggests that it is an eighteenth-century-style commemorative head.","Sculpture – statues, carvings, bronzes, reliefs, figurines | Religious Work – crucifixes, shrine objects, icons, religious texts",Beninese (Edo People),2,Benin Royal Palace of Oba Ovonranwmen,1897,Nigeria,,1939,Rhode Island School of Design Museum (RISD)
2802,Mayan Jaguar Head,Yes,1999,USA,Guatemala,Stone,Guatemala,Stone head of a jaguar devouring a man,"Sculpture – statues, carvings, bronzes, reliefs, figurines",Mayan,3,Guatemalan Highlands,,"Museo Nacional de Arqueología y Etnología, Guatemala City",,,
2850,Etruscan Tripod,Yes,1996,USA,Italy,Bronze,Italy,"The bronze tripod is composed of alternating straight and curved rods.  Three sets of figural pairs—Herakles and Deianeira, two cloaked male figures, and two satyrs—sit atop the straight rods. The curved rods are topped with pairs of animals.  The tripod's feet are in the form of a lion's paw resting on a frog.
","Equipment – weapons, helmets, tools, musical instruments",Etruscan,3,Vulci,circa 1987,Italy ,Robert Hecht | Jonathan Rosen,1990,J. Paul Getty Museum
2851,Leonard Stern Collection of Cycladic Antiquities,Yes,2024,USA,Greece,Marble,Greece,161 marble figures and stone vessels from the Early Bronze Age (3200BCE-2000BCE),"Sculpture – statues, carvings, bronzes, reliefs, figurines",Cycladic,2,Keros | Koufonisia,,Metropolitan Museum of Art,JJ Klejman  | Gianfranco Becchina | Robin Symes | Merrin Gallery | Robert Haber | Harry Bürki | Michael Ward,2024,Metropolitan Museum of Art
2856,Gold Kasthane,Yes,2023,Netherlands,Sri Lanka,Gold | Metal | Wood | Gemstones/Precious Stones,Sri Lanka,"A highly ornamented gold kasthane (ceremonial sabre), with a gold hilt shaped with lion heads and deities, set with diamonds and rubies. The scabbard is wood covered with gold. ","Equipment – weapons, helmets, tools, musical instruments",Kandyan,3,Kandy,1765,"Colombo National Museum, Colombo, Sri Lanka",,1927,Rijksmuseum (Amsterdam)
3125,Etruscan Bronze Lar,Yes,2018,UK,Italy,Bronze,Italy,Bronze lar statuette of a stepping male figure with a draped robe over one side of its body. ,"Sculpture – statues, carvings, bronzes, reliefs, figurines",Etruscan,2,,1988,Museo Archeologico Nazionale di Siena,,,
